,speed,latitude,timestamp,longitude,vehicle_id,vehicle
4,109,28.610145384575965,1779785011.0736592,77.20686803975528,CAR101,
5,90,28.614694114267156,1779708493.975741,77.20720729808076,CAR101,
8,96,28.608088977155408,1779777785.5510058,77.19593172461582,CAR101,
11,100,28.60143638004631,1779770471.9320397,77.19383960070893,CAR101,
12,88,28.61733653410153,1779776777.8602588,77.20706837015958,CAR101,
13,114,28.616419522239163,1779696586.5086477,77.19586852029784,CAR101,
15,86,28.60028011433309,1779785354.5829298,77.2048137049078,CAR101,
16,90,28.618592735653156,1779702071.9363072,77.19464094713142,CAR101,
25,92,28.61839282883397,1779706962.4437428,77.19439091742129,CAR101,
29,94,28.615184396425693,1779699961.399625,77.19950551046486,CAR101,
30,94,28.608184997803484,1779702310.695825,77.2064106172888,CAR101,
31,87,28.600721766144094,1779708476.2544363,77.20662317266846,CAR101,
32,100,28.617186436787062,1779784950.8092434,77.19290632320002,CAR101,
34,106,28.611980461584245,1779698966.5565655,77.20132714473631,CAR101,
42,108,28.61085999371349,1779787782.74805,77.20919534409414,CAR101,
43,99,28.609089894810854,1779710597.6736212,77.20097301093946,CAR101,
44,109,28.61433940161304,1779787045.5308917,77.20787449550738,CAR101,
45,117,28.610668085072664,1779710960.0993526,77.1925894005975,CAR101,
47,102,28.604899444974514,1779776219.7828038,77.19474438060459,CAR101,
49,88,28.609333273384802,1779706204.5730836,77.20322323700827,CAR101,
52,117,28.602376196035845,1779708380.4846108,77.204204820993,CAR101,
55,100,28.609229212214398,1779778052.1598444,77.20710212907726,CAR101,
56,91,28.618358636795552,1779707769.3656828,77.20355450242418,CAR101,
62,101,28.618929595746696,1779709293.5852668,77.19928366875139,CAR101,
63,114,28.610378130320623,1779707388.9970968,77.19814887907037,CAR101,
65,106,28.61532834138182,1779773539.4943082,77.20268496083756,CAR101,
66,84,28.60698067927907,1779785638.4633718,77.20214599240954,CAR101,
67,96,28.618106885717218,1779772014.2762697,77.19933566361782,CAR101,
70,90,28.600058861705264,1779786559.637541,77.20562515952984,CAR101,
71,83,28.60819547237639,1779771423.9468338,77.20405421222534,CAR101,
74,91,28.61432366421038,1779700954.1601346,77.20377634323258,CAR101,
88,96,28.61117060524147,1779775947.463862,77.20750418819053,CAR101,
90,84,28.609418459935636,1779701143.7715003,77.20169636088517,CAR101,
91,100,28.614714981681555,1779785177.6033342,77.19035421697708,CAR101,
100,92,28.61992778139153,1779782447.9295213,77.19923581396294,CAR101,
101,90,28.604206375719418,1779693007.4647484,77.20193908049015,CAR101,
104,106,28.61790547743303,1779701243.700715,77.2016845549446,CAR101,
107,109,28.60477927778774,1779777875.5786033,77.19729381125855,CAR101,
109,118,28.606976528795816,1779696823.7505352,77.19676718164128,CAR101,
110,112,28.603107751674226,1779779067.7928896,77.19950091237286,CAR101,
114,118,28.603457820603133,1779711455.4361796,77.20345944077181,CAR101,
118,97,28.60880980053183,1779770351.4367685,77.2065190682546,CAR101,
120,107,28.61696117905874,1779787754.4412372,77.19752820111712,CAR101,
125,87,28.602605701397856,1779774883.060218,77.20890237624391,CAR101,
126,89,28.601999504797025,1779698419.2976084,77.19317816415976,CAR101,
131,104,28.61101699209923,1779787577.3040066,77.19076259363472,CAR101,
133,116,28.60982655210392,1779778476.6579149,77.19866885286176,CAR101,
136,99,28.611736170016364,1779789915.5751052,77.19580613841197,CAR101,
137,114,28.608058407442538,1779712625.7438383,77.1980389437987,CAR101,
138,99,28.60691080518118,1779788057.710248,77.19441734944623,CAR101,
139,102,28.616073043540737,1779784593.6237154,77.19112712116173,CAR101,
140,95,28.60104717006724,1779708540.0758755,77.20969671048972,CAR101,
142,112,28.61998126326852,1779708813.961367,77.19724542776638,CAR101,
143,103,28.616036094876304,1779777872.0276859,77.20623434079783,CAR101,
146,108,28.61176368834139,1779770298.2840152,77.19217827348791,CAR101,
151,106,28.607505201194243,1779698051.5266225,77.19975499493312,CAR101,
152,113,28.603512195991776,1779711069.807403,77.19494279045324,CAR101,
153,83,28.61044586684723,1779773318.3933656,77.19977857683833,CAR101,
154,102,28.612066091475494,1779702425.3135293,77.19550279271124,CAR101,
157,116,28.6028291742393,1779708124.691723,77.20722076506658,CAR101,
158,89,28.61448639985006,1779776101.3521025,77.19240250466126,CAR101,
160,85,28.606358417000063,1779701852.662229,77.20843452133592,CAR101,
161,85,28.606458525355155,1779710016.583067,77.20386879297219,CAR101,
162,98,28.617290085048616,1779712785.8979173,77.19449027507756,CAR101,
165,93,28.60004008597821,1779712524.1609688,77.19630811116889,CAR101,
167,97,28.614541050282455,1779712246.7755513,77.20377192326043,CAR101,
168,96,28.618812859998194,1779776604.8624763,77.20035777388537,CAR101,
175,102,28.607753947454913,1779773504.1274545,77.19856004571616,CAR101,
178,105,28.610598465603296,1779706726.7910483,77.19809766147745,CAR101,
180,96,28.605697971584142,1779710779.327517,77.20246658241382,CAR101,
182,86,28.601528237894787,1779708959.103599,77.19671341467773,CAR101,
183,111,28.61197585692911,1779771520.9001138,77.19364984322102,CAR101,
186,91,28.600329179340555,1779771773.4336994,77.19003273290743,CAR101,
187,92,28.605403973036825,1779698394.5097432,77.19740213214591,CAR101,
195,82,28.615068814162672,1779776770.7967577,77.19260205092962,CAR101,
196,113,28.60487720192589,1779699136.9534142,77.19487008656284,CAR101,
203,103,28.611988119570658,1779776119.1584618,77.19631112777962,CAR101,
205,102,28.608337105596412,1779711891.478929,77.19687113036449,CAR101,
207,107,28.611036028871652,1779782064.1022666,77.19627425196532,CAR101,
209,111,28.6118169081494,1779775387.2678905,77.19115047014064,CAR101,
211,115,28.60948378554581,1779708774.9642034,77.20388420385902,CAR101,
212,120,28.608556676521776,1779700280.962402,77.20709210792408,CAR101,
213,101,28.604902423744083,1779787477.935963,77.19216208675317,CAR101,
218,115,28.609293411578,1779708867.1091852,77.20187645195752,CAR101,
220,106,28.611069403932625,1779711151.1540563,77.19956145023951,CAR101,
222,106,28.603338868123494,1779710942.3931158,77.20194845565257,CAR101,
224,90,28.604078942317884,1779774997.4075174,77.19504926036187,CAR101,
225,97,28.609207831303042,1779786258.2847571,77.19406230771646,CAR101,
226,110,28.61176420966687,1779771856.07456,77.1989077115038,CAR101,
228,120,28.609336801994203,1779776367.9140794,77.20024279390836,CAR101,
229,115,28.61984483628648,1779772198.7717066,77.20534460804579,CAR101,
232,118,28.602550159838852,1779693171.7603824,77.2077886080296,CAR101,
234,120,28.607471754037164,1779784590.0774224,77.19977659683029,CAR101,
236,83,28.606483669154237,1779775158.3398955,77.20572807934562,CAR101,
239,103,28.616861270711176,1779787878.4998477,77.20531996708073,CAR101,
240,119,28.601734315826832,1779707947.4029915,77.19533778577302,CAR101,
241,113,28.61259425796543,1779771140.5517693,77.20176571098122,CAR101,
243,96,28.607440162875616,1779701001.3539028,77.19702813472682,CAR101,
245,87,28.60156476746302,1779712535.0142543,77.19986430502712,CAR101,
246,83,28.611347430737652,1779698086.8595715,77.20396993089047,CAR101,
247,103,28.608889996128408,1779711315.1212826,77.20900538598632,CAR101,
250,91,28.60007823509937,1779777857.9084892,77.19292125841986,CAR101,
252,97,28.602858951811665,1779707140.0854285,77.20471295877971,CAR101,
258,83,28.607988628128133,1779773194.3838482,77.20325179417533,CAR101,
263,111,28.606008446613004,1779777109.0629838,77.19062220667323,CAR101,
265,103,28.605347105355758,1779702667.428614,77.20818610207964,CAR101,
266,93,28.614858024963947,1779712803.8123362,77.19688614458553,CAR101,
267,108,28.613482723653487,1779698405.1280026,77.209050784017,CAR101,
270,91,28.611964560828817,1779713367.4622328,77.20280806499086,CAR101,
275,115,28.617635019451786,1779700011.1153073,77.19408523054123,CAR101,
280,91,28.613906081239914,1779767690.9954815,77.20754344303587,CAR101,
281,116,28.6153595908017,1779787733.2144556,77.20833122169128,CAR101,
285,102,28.60520391723823,1779775254.9277592,77.1996625174403,CAR101,
286,85,28.614996731559025,1779782045.8108718,77.19153899153166,CAR101,
289,93,28.605569179243968,1779784519.3128462,77.19055561677891,CAR101,
290,113,28.615601876512212,1779700273.7625353,77.20642714276748,CAR101,
293,114,28.61895555784686,1779701196.9916189,77.20220678120084,CAR101,
294,90,28.60613292132474,1779701265.026216,77.19458647178521,CAR101,
295,119,28.606956428592238,1779776472.5493147,77.2076889639021,CAR101,
297,107,28.618378138243912,1779698763.9669173,77.19832886756234,CAR101,
299,101,28.614593959963745,1779779138.892046,77.19309642038257,CAR101,
303,90,28.614287536515942,1779693893.254713,77.20168389366502,CAR101,
307,120,28.600370465040253,1779782483.8379884,77.20425381289049,CAR101,
308,101,28.608462007324306,1779712268.8656225,77.20871199513414,CAR101,
314,107,28.608949592720872,1779788194.7449217,77.19737719095583,CAR101,
316,99,28.603100620905533,1779786021.0383391,77.20853948462124,CAR101,
317,99,28.603892062710283,1779782103.0538368,77.2069297774198,CAR101,
321,105,28.61053402537375,1779773271.631023,77.20489793384395,CAR101,
324,85,28.618037211637688,1779707154.3165028,77.20103181110042,CAR101,
326,117,28.618263847174045,1779703370.5355356,77.20215644427343,CAR101,
327,116,28.605680553481452,1779708313.1587238,77.19130776710173,CAR101,
333,94,28.61091916896526,1779782110.1281588,77.19092760378352,CAR101,
336,119,28.61334533636777,1779775986.9275894,77.2041618015984,CAR101,
338,86,28.615637519143696,1779707364.194374,77.19515306204968,CAR101,
340,85,28.60801356359185,1779775333.7221014,77.20072317075798,CAR101,
345,104,28.60819175002493,1779700964.796341,77.2020357331877,CAR101,
347,93,28.61874086985597,1779706442.2266738,77.19983428981831,CAR101,
357,86,28.615857636066178,1779773190.7577817,77.20526904453003,CAR101,
358,94,28.61719944211715,1779711811.2318523,77.19865898819492,CAR101,
362,91,28.602541185055976,1779713226.9272466,77.19833960249005,CAR101,
363,109,28.608972829092057,1779786662.4713879,77.20715166170828,CAR101,
366,81,28.60385180618751,1779701518.4714556,77.20759689699729,CAR101,
367,113,28.60762185739579,1779711920.6373398,77.20477813796215,CAR101,
370,95,28.612621354157756,1779702963.5893264,77.20187440901648,CAR101,
373,99,28.60069080968967,1779701948.933552,77.19994499320852,CAR101,
376,93,28.616814413209045,1779707449.3399239,77.20742693698098,CAR101,
378,94,28.605756891604077,1779777763.7353303,77.1989977236155,CAR101,
382,101,28.600023936534697,1779700675.2379963,77.19394963480919,CAR101,
385,89,28.61838692278366,1779697189.545733,77.20977595694639,CAR101,
387,90,28.60376415506407,1779786183.9269469,77.20410454749599,CAR101,
388,99,28.60355020627021,1779774893.691621,77.1903966195014,CAR101,
393,99,28.607676204815153,1779709856.6135466,77.2029086090021,CAR101,
396,116,28.60241413145497,1779785141.9727929,77.20805067668067,CAR101,
405,108,28.60671523827929,1779771719.162048,77.19145936320866,CAR101,
406,94,28.6173602601568,1779788279.7044325,77.2084876935848,CAR101,
407,88,28.61429109101199,1779776998.7412977,77.19614026795084,CAR101,
408,98,28.610469237321535,1779777721.1601734,77.20122375789494,CAR101,
410,106,28.6034014108304,1779788269.0772085,77.19619292589594,CAR101,
415,95,28.60525010957336,1779770291.4156861,77.19449313962625,CAR101,
416,105,28.618808345121423,1779775532.3568733,77.19418310414063,CAR101,
418,88,28.60716686791542,1779777508.4305809,77.20088103146384,CAR101,
419,108,28.603967899872345,1779776718.4201002,77.19311324297897,CAR101,
420,106,28.61665519887671,1779767535.322168,77.20167989719461,CAR101,
421,89,28.61851976787124,1779710044.8846374,77.19601991633631,CAR101,
423,111,28.605048397154874,1779703056.646664,77.19574216009461,CAR101,
424,100,28.619361780994193,1779770266.5394404,77.19621370805854,CAR101,
426,97,28.603326652933657,1779710789.9298532,77.19726786359853,CAR101,
427,118,28.612635499934573,1779698657.9091115,77.20337295825702,CAR101,
428,85,28.617829548935653,1779776212.1745253,77.20240972787896,CAR101,
431,89,28.61113911217294,1779706147.8125985,77.20853430618911,CAR101,
432,119,28.60670296629422,1779693839.1892593,77.20002958257214,CAR101,
433,115,28.608644368706027,1779787215.4226196,77.19485357913807,CAR101,
435,84,28.60450906384537,1779701514.9229243,77.20395635678024,CAR101,
437,98,28.619803967552333,1779774144.1533556,77.19329139662217,CAR101,
439,104,28.603512668438388,1779776583.5910628,77.19613215537795,CAR101,
443,90,28.617749674323296,1779700241.8351288,77.206250274405,CAR101,
445,102,28.61185877642696,1779712142.2208843,77.20270572897907,CAR101,
447,111,28.604892066472498,1779767754.68908,77.19364829084113,CAR101,
450,104,28.60457499995483,1779781740.9829233,77.19998918278417,CAR101,
456,114,28.612252870971535,1779696920.205515,77.20234874424098,CAR101,
457,113,28.617575439515505,1779702660.3081117,77.19683342821001,CAR101,
458,110,28.60257550351789,1779787289.756924,77.20398149568821,CAR101,
459,98,28.602208998588576,1779697940.5754406,77.20883956018581,CAR101,
460,104,28.613252795807387,1779698040.349497,77.20821231529857,CAR101,
461,106,28.604055702838934,1779767906.7517014,77.20066017260578,CAR101,
462,102,28.609116252637815,1779767409.8143995,77.19697095306763,CAR101,
463,103,28.602427171920898,1779771733.4973776,77.20495934252845,CAR101,
464,109,28.602560901757847,1779707086.8725343,77.20598045937788,CAR101,
467,105,28.61025090866974,1779711129.9674,77.20467524980035,CAR101,
468,108,28.61715023868247,1779788041.3156695,77.19865762303998,CAR101,
470,86,28.613901460127874,1779774032.474967,77.19917352702141,CAR101,
474,113,28.61980429177561,1779767114.0141673,77.20244381013265,CAR101,
475,91,28.61206712420398,1779706123.0232778,77.20409699610401,CAR101,
479,105,28.619623923609563,1779708817.489062,77.20417931317525,CAR101,
480,85,28.605042732029624,1779697987.2134128,77.20879781395632,CAR101,
485,101,28.617305831770167,1779700295.1293645,77.2066307362795,CAR101,
486,89,28.619091902994647,1779697600.6951947,77.20264633472725,CAR101,
490,89,28.612149492826024,1779706538.0112274,77.19175179052492,CAR101,
494,90,28.610846760226675,1779700994.2555299,77.19525636465869,CAR101,
502,87,28.606711315969047,1779787052.5977383,77.20630531471731,CAR101,
503,112,28.611062009950075,1779767963.5388515,77.20316102308077,CAR101,
507,96,28.603977863083013,1779770839.476576,77.19123306912657,CAR101,
513,87,28.61047619982581,1779786322.046793,77.20938160890101,CAR101,
514,81,28.618078229942434,1779785096.003752,77.20578703785407,CAR101,
518,89,28.602874159106996,1779698069.2321138,77.20942509870251,CAR101,
519,112,28.602639648131237,1779711659.946386,77.20312231146119,CAR101,
520,113,28.61470099489075,1779782010.3660002,77.19471640094974,CAR101,
535,114,28.614405437905575,1779785390.0379417,77.19296400572541,CAR101,
537,101,28.617794202085626,1779785138.4402516,77.19215170401782,CAR101,
538,96,28.60635064651477,1779770458.102048,77.20185964493491,CAR101,
540,117,28.603557607102562,1779707566.4759824,77.20053986411715,CAR101,
541,106,28.601287914057764,1779693259.4467995,77.20145607264703,CAR101,
543,117,28.609445162325514,1779787672.9706779,77.19237928040164,CAR101,
544,114,28.602249112654654,1779775394.8049636,77.20339660403012,CAR101,
550,85,28.601602664290176,1779782415.5293043,77.19681929041423,CAR101,
552,106,28.606776785600747,1779785911.4704127,77.19954573373708,CAR101,
553,95,28.61921729652977,1779700202.7226696,77.1973492050486,CAR101,
555,97,28.615943354705696,1779767402.7428663,77.19749857068038,CAR101,
557,82,28.615536330315347,1779767303.4126093,77.19051054226375,CAR101,
559,93,28.60517906739716,1779710509.22603,77.20861832324911,CAR101,
560,120,28.612302199722635,1779770665.663847,77.19011423468221,CAR101,
562,107,28.60916928700085,1779706045.0726383,77.19695132262558,CAR101,
568,89,28.61312671656901,1779767228.7547078,77.19582208931016,CAR101,
569,107,28.602991981354823,1779708852.860765,77.19445603805994,CAR101,
572,98,28.610852917851116,1779707954.4758682,77.19947860773452,CAR101,
580,114,28.61660821707798,1779707926.2045662,77.19559694393035,CAR101,
585,86,28.616889933275225,1779709228.5761328,77.19373354419558,CAR101,
586,96,28.611220854821205,1779698265.148623,77.20704579980897,CAR101,
587,93,28.609923897388835,1779710449.1765459,77.19157976458172,CAR101,
593,114,28.612630212274166,1779778380.082218,77.19601158078187,CAR101,
595,113,28.61081152630711,1779777219.004014,77.19064601207683,CAR101,
596,103,28.602729324812255,1779711509.3506827,77.20575199783619,CAR101,
599,89,28.612937124897947,1779771097.7587254,77.19450488515771,CAR101,
604,92,28.615282921387564,1779697990.7507036,77.19284584515775,CAR101,
606,111,28.606409956895945,1779786035.2599993,77.19611176101688,CAR101,
608,91,28.615207801288197,1779701422.2087142,77.19858419750479,CAR101,
610,86,28.600355712323424,1779710697.7200377,77.19875897917856,CAR101,
611,116,28.608082894214718,1779713216.1759756,77.1941979946123,CAR101,
612,110,28.600625649914566,1779697880.033284,77.20826479628506,CAR101,
614,89,28.617525456051908,1779698661.4445877,77.19251328051556,CAR101,
617,114,28.60701848770415,1779790078.8300982,77.19315543531295,CAR101,
618,91,28.60800442319256,1779786666.0108755,77.19873316032103,CAR101,
624,104,28.619933231732524,1779706225.792768,77.20101370174376,CAR101,
626,117,28.61745795494815,1779775107.810333,77.20668243013371,CAR101,
631,101,28.601391656679315,1779698529.845095,77.19587806823294,CAR101,
632,93,28.610287609798082,1779767595.5166354,77.20404230037462,CAR101,
633,97,28.607403172582202,1779710225.8877811,77.1976202068629,CAR101,
634,111,28.602980109428305,1779706463.466261,77.19944063701526,CAR101,
641,119,28.614229463893444,1779777494.2275753,77.19987903220205,CAR101,
642,87,28.617247341662562,1779711887.9178395,77.19491311948998,CAR101,
647,92,28.60078240499043,1779707844.1893766,77.1951292467569,CAR101,
650,101,28.61116485767282,1779693110.7533796,77.20710910655063,CAR101,
653,87,28.61742606519739,1779779060.722208,77.19104891127351,CAR101,
654,90,28.60136103015007,1779706751.6385207,77.19322380954902,CAR101,
655,104,28.615188535970837,1779771090.6637952,77.20190042149561,CAR101,
657,117,28.601844197055843,1779785666.8112032,77.19997924706838,CAR101,
658,92,28.617025452549488,1779785439.5797393,77.1902602537488,CAR101,
660,97,28.605373476810325,1779779043.0218325,77.20072433487886,CAR101,
661,108,28.606480804484956,1779777126.777266,77.19813657117984,CAR101,
663,110,28.619428363367973,1779712706.9462812,77.20155938186599,CAR101,
670,119,28.61698377664277,1779697788.6543727,77.20995410500343,CAR101,
675,117,28.61929717367928,1779697346.867268,77.1922112523934,CAR101,
682,97,28.602087335853845,1779779046.561994,77.20094453936161,CAR101,
683,108,28.613697803690112,1779787148.06472,77.19097666055356,CAR101,
685,109,28.601612821520753,1779709533.6173732,77.19813542618331,CAR101,
691,83,28.602811588361096,1779778543.9899046,77.1925560122262,CAR101,
692,99,28.600249600461844,1779779078.4116056,77.20975535120441,CAR101,
693,103,28.608931398129368,1779786708.6573515,77.20721216388887,CAR101,
696,87,28.60615564545362,1779707495.3460352,77.19873328119156,CAR101,
698,84,28.610026006523842,1779707552.2307336,77.20136111764144,CAR101,
700,99,28.61607734531524,1779785868.9526327,77.19432184024232,CAR101,
705,101,28.61860823773552,1779773931.6522954,77.19023115990049,CAR101,
706,98,28.61685675924624,1779697937.0099015,77.19471895151212,CAR101,
708,120,28.604428543411785,1779706356.9734473,77.20112555875079,CAR101,
710,95,28.615473100542086,1779782071.2066293,77.20059394261901,CAR101,
712,96,28.600531225820014,1779782337.4365501,77.19272143367213,CAR101,
715,84,28.615259502632988,1779713414.3148549,77.20429938436723,CAR101,
729,93,28.603462079613916,1779711688.5186574,77.20647331846679,CAR101,
730,90,28.614048904894297,1779786804.2744439,77.20164232073508,CAR101,
733,105,28.618949669786687,1779777879.1254234,77.19343008252359,CAR101,
736,90,28.613024587175765,1779777422.6823127,77.209945147848,CAR101,
738,104,28.602005417631606,1779779221.289072,77.1907867074025,CAR101,
739,107,28.612848083540342,1779699253.9456375,77.191150146378,CAR101,
742,113,28.604145386745426,1779700975.952979,77.19490936272149,CAR101,
743,87,28.60002553829421,1779693061.1507378,77.2035905025149,CAR101,
744,81,28.614330424268488,1779706278.933058,77.19087674008223,CAR101,
745,92,28.60154584904216,1779706091.136173,77.2025117719495,CAR101,
747,89,28.61376573792339,1779698422.8543067,77.20702038318667,CAR101,
749,94,28.618880720014303,1779701400.9784193,77.19389240964638,CAR101,
756,113,28.612619853474573,1779779007.568171,77.20658680081984,CAR101,
759,119,28.60205448544298,1779773668.5314596,77.20576731918506,CAR101,
760,118,28.61509660889974,1779779331.9983487,77.20539680806674,CAR101,
761,94,28.61746554723802,1779712685.4406807,77.20498430578542,CAR101,
762,110,28.613599608984035,1779777045.300782,77.19060671445443,CAR101,
763,100,28.606801071248594,1779709424.6142173,77.20545040206359,CAR101,
764,98,28.603082399973466,1779699218.4720867,77.19216305580711,CAR101,
766,86,28.602389676909905,1779698636.6795654,77.20682737663445,CAR101,
769,114,28.614350742021593,1779776126.2707832,77.19874038725773,CAR101,
770,116,28.61469390784418,1779707467.0220864,77.20596279516248,CAR101,
771,120,28.61961163936701,1779699080.0570831,77.20484842379108,CAR101,
774,117,28.60389764113018,1779693219.8776927,77.20671381445445,CAR101,
778,119,28.605387288336683,1779777077.1668258,77.20253329476851,CAR101,
780,82,28.60966012382566,1779702460.8664577,77.19081042693668,CAR101,
781,113,28.6003149864049,1779701802.9222007,77.19514830354504,CAR101,
783,110,28.610491719731737,1779702414.6733468,77.1934368319734,CAR101,
787,104,28.606536365008154,1779785085.3438392,77.19866084475521,CAR101,
792,104,28.61752917889788,1779767328.2243006,77.19315229666185,CAR101,
793,93,28.606227395253484,1779787892.7255514,77.20291149351765,CAR101,
796,103,28.619843637614473,1779711624.18442,77.20953042928735,CAR101,
797,113,28.614716696611115,1779709019.4084992,77.20376212251425,CAR101,
800,104,28.61490907038461,1779702738.250432,77.19100358769715,CAR101,
802,109,28.61665752751358,1779710218.8004243,77.20800019406636,CAR101,
803,100,28.606431449025152,1779771690.259642,77.20093548576942,CAR101,
809,85,28.603478675569736,1779696837.9697978,77.19734694038348,CAR101,
810,120,28.604350568550807,1779708214.023322,77.2090256216131,CAR101,
811,94,28.61697108027879,1779709463.6631882,77.20119268409645,CAR101,
812,87,28.603462660424047,1779771589.0141492,77.20933771719217,CAR101,
814,90,28.619334480181095,1779785120.7361739,77.19228041935183,CAR101,
816,83,28.616975299178954,1779708564.8248754,77.19348409911147,CAR101,
820,119,28.601156313055554,1779775026.2047951,77.2031797159716,CAR101,
821,104,28.612666378846875,1779786411.0358126,77.20294372916867,CAR101,
822,97,28.61168403095244,1779785960.9524095,77.19704771768183,CAR101,
823,97,28.618416404971384,1779775283.759336,77.19068958268333,CAR101,
825,98,28.6081038665971,1779773307.735478,77.19555815465873,CAR101,
829,105,28.61306120614692,1779708664.0610309,77.19047023385123,CAR101,
832,105,28.607877956941223,1779784735.6594422,77.20670830010401,CAR101,
837,113,28.603616815378516,1779782230.6766438,77.19064143513395,CAR101,
838,102,28.602781891459,1779771956.751358,77.20804613344096,CAR101,
842,88,28.616365653924717,1779712894.231812,77.19763452263618,CAR101,
843,86,28.617389848484848,1779703407.112563,77.20772766071283,CAR101,
844,97,28.608842047040955,1779708270.6429086,77.20978938954592,CAR101,
845,103,28.611333596441522,1779785460.8148649,77.20402592951746,CAR101,
847,111,28.612921186241554,1779699250.4026911,77.20317567295085,CAR101,
848,99,28.606465560792973,1779781616.8855245,77.19016146252709,CAR101,
850,81,28.600115332240083,1779699399.3307927,77.20746905480671,CAR101,
852,115,28.617008084184025,1779702535.6891618,77.20773594576332,CAR101,
853,110,28.60003810576338,1779771599.8675501,77.20208929952298,CAR101,
856,105,28.60313510726933,1779782459.0078044,77.19661780056913,CAR101,
857,83,28.606395121814817,1779710367.8497274,77.20741009831802,CAR101,
861,81,28.600268687738385,1779703381.1691043,77.20684111133161,CAR101,
865,104,28.616317658861217,1779697457.1164618,77.19180859002684,CAR101,
866,97,28.602391913284208,1779696738.492481,77.19684680767432,CAR101,
869,99,28.603261333866346,1779711048.5332816,77.20817671576351,CAR101,
870,120,28.612445070226098,1779777255.0917509,77.2020976745923,CAR101,
871,110,28.609123926527268,1779774532.5762856,77.20909394434345,CAR101,
875,118,28.61065106240573,1779775528.836255,77.20485124156502,CAR101,
880,84,28.607426234744437,1779773368.2148428,77.1924376220938,CAR101,
881,96,28.604354115313697,1779711938.6568732,77.20524364829497,CAR101,
882,113,28.609228036314704,1779702282.260647,77.20154592232122,CAR101,
883,104,28.60758782304238,1779711724.5404515,77.1958988801408,CAR101,
884,102,28.619918663194245,1779778979.2829933,77.19281956948382,CAR101,
886,91,28.602759597537734,1779777151.6107051,77.20322642866559,CAR101,
888,103,28.614478275066244,1779778134.0895338,77.19918228832609,CAR101,
890,88,28.605490919423154,1779778440.7686648,77.20566897277669,CAR101,
895,115,28.61517516843024,1779707143.625342,77.19362485409037,CAR101,
900,104,28.602634546553322,1779779110.267731,77.20237691701094,CAR101,
902,86,28.606770427708735,1779785315.6696973,77.20189917848398,CAR101,
903,104,28.603996671821008,1779696966.2566051,77.1982188155284,CAR101,
906,112,28.61761240446026,1779787743.8309891,77.1979391878135,CAR101,
907,81,28.612791079683156,1779707915.5795135,77.20117421548346,CAR101,
909,103,28.612209636775276,1779700028.8354847,77.20373218134726,CAR101,
910,83,28.612712585136425,1779771343.6674707,77.199843559889,CAR101,
916,87,28.618669671111952,1779781790.516774,77.19346998344592,CAR101,
920,87,28.60219368375003,1779782512.2530718,77.20437028228409,CAR101,
921,102,28.607339148482552,1779778344.2435358,77.19841235720584,CAR101,
922,84,28.60108339193325,1779773264.5033252,77.20868802565047,CAR101,
928,96,28.61182277622428,1779778119.4720826,77.1943678552905,CAR101,
929,117,28.60997164707202,1779775622.01062,77.19342886303711,CAR101,
932,98,28.611968841553217,1779710907.0086603,77.19798282817723,CAR101,
934,88,28.609467919778975,1779712767.976408,77.2074164364168,CAR101,
936,112,28.61063157689863,1779786960.0413356,77.20068024793879,CAR101,
938,88,28.616444841629814,1779709914.007734,77.19909967129247,CAR101,
939,109,28.608213851910133,1779777918.168895,77.19387950784109,CAR101,
941,94,28.603733908002138,1779776251.7048955,77.20432755786962,CAR101,
945,113,28.601740787973448,1779692950.6520798,77.20661731319942,CAR101,
947,105,28.61486774529229,1779785851.2190592,77.1988338202195,CAR101,
948,86,28.602089230507673,1779698465.3195727,77.19922487854612,CAR101,
949,120,28.61616399912448,1779708103.46534,77.19063402120568,CAR101,
950,99,28.605650426140837,1779703109.787039,77.2048984096207,CAR101,
952,103,28.601606524890002,1779710793.4801524,77.19641883054591,CAR101,
957,91,28.6196737241311,1779779181.9687128,77.19254625285679,CAR101,
959,115,28.608714908177145,1779785067.6069648,77.19095847349195,CAR101,
960,120,28.602647658859983,1779696677.3042836,77.198245624855,CAR101,
961,118,28.600351908513666,1779788095.202382,77.20909582501845,CAR101,
963,111,28.602050223304886,1779773329.097226,77.20678543944376,CAR101,
966,115,28.61842404535261,1779702674.5040991,77.19842490520585,CAR101,
971,88,28.61256371012207,1779701182.822683,77.20724060199454,CAR101,
972,97,28.604397929374908,1779782476.7389774,77.19778595312869,CAR101,
977,107,28.60134602406392,1779712101.8806403,77.19689043717236,CAR101,
979,108,28.611085250103855,1779712470.2784283,77.20038769449249,CAR101,
980,92,28.614736314864945,1779770811.0877287,77.20365913331591,CAR101,
984,91,28.608167149721456,1779693252.3456078,77.19917532175967,CAR101,
988,85,28.618447882805032,1779696795.361127,77.1943422611514,CAR101,
989,112,28.61833735379165,1779776483.7988784,77.1943278404075,CAR101,
991,85,28.60261873687582,1779706289.5442328,77.19300422430005,CAR101,
995,109,28.60243722953809,1779788065.0691025,77.20891957972324,CAR101,
996,95,28.601443055491064,1779767970.599633,77.19247728830253,CAR101,
999,83,28.61697118764556,1779696597.1209972,77.20151258683585,CAR101,
1005,86,28.60803072980404,1779711713.7508316,77.1934698332049,CAR101,
1007,97,28.605097569113678,1779778778.8703928,77.20111547308144,CAR101,
1008,119,28.607129520986224,1779767782.959975,77.2085157948175,CAR101,
1015,85,28.611154183299075,1779770906.8787422,77.20344931873709,CAR101,
1017,92,28.601593966625845,1779710247.3694544,77.20795541115767,CAR101,
1019,88,28.602909345620937,1779700338.1911302,77.20835672710346,CAR101,
1024,118,28.61712753347182,1779709862.4670615,77.2020150196053,CAR101,
1025,116,28.608552978817126,1779709260.5157704,77.19106295201689,CAR101,
1026,110,28.618110600468057,1779698841.9417531,77.19080589929908,CAR101,
1028,95,28.611201721642885,1779703391.8104951,77.20801619759442,CAR101,
1029,102,28.61281786087525,1779701164.9884708,77.20845356859466,CAR101,
1030,97,28.60702040129765,1779776151.156758,77.20407655255501,CAR101,
1038,108,28.60598850187098,1779767779.4441874,77.2015593820614,CAR101,
1043,97,28.60794984721362,1779710229.6930492,77.20346562647772,CAR101,
1046,92,28.60175650724271,1779777448.0612733,77.20112561405371,CAR101,
1048,98,28.60697662857074,1779707413.814002,77.20444452953936,CAR101,
1049,84,28.61997659691824,1779702228.3974955,77.20654832507215,CAR101,
1050,105,28.60730678427844,1779770825.297254,77.20249567842626,CAR101,
1057,83,28.603325304920254,1779701841.9478917,77.20568164175276,CAR101,
1058,102,28.60361283941816,1779702799.135165,77.19537348387048,CAR101,
1061,112,28.61300253498527,1779778177.2044916,77.1968073076434,CAR101,
1063,94,28.60294774980526,1779700114.0101933,77.19812666148155,CAR101,
1064,99,28.614098005190836,1779786715.7484422,77.20691232585091,CAR101,
1068,109,28.61064941729191,1779697404.0588253,77.2022637200649,CAR101,
1069,83,28.60413947936018,1779709321.8888094,77.19820992676074,CAR101,
1072,87,28.60566886431142,1779697103.1199946,77.19439020764075,CAR101,
1076,100,28.609985754251483,1779701667.2259195,77.20377671374938,CAR101,
1079,91,28.61887125525648,1779705931.7311683,77.20828790282569,CAR101,
1080,115,28.614874030823927,1779782138.5105069,77.1930149244148,CAR101,
1083,104,28.614853388338346,1779712072.4904745,77.19020374330898,CAR101,
1087,93,28.61374235020993,1779785358.1179256,77.19707439953525,CAR101,
1088,95,28.600347629700163,1779771664.8582547,77.20858392090452,CAR101,
1090,120,28.61613183951549,1779788215.975634,77.19829674075602,CAR101,
1091,119,28.619455979127526,1779709499.2912169,77.1968232101101,CAR101,
1097,87,28.602420868250736,1779709300.6514251,77.20846028546127,CAR101,
1099,108,28.604776003608613,1779711378.9392557,77.20175052555679,CAR101,
1103,96,28.61937844567879,1779781716.1643627,77.20812407160975,CAR101,
1104,120,28.61815176342028,1779785588.8335104,77.19875275707417,CAR101,
1106,83,28.6080118295091,1779771502.7924802,77.19403576874821,CAR101,
1108,86,28.602937123693014,1779712294.1844952,77.20852611481686,CAR101,
1109,113,28.615068091057392,1779709111.5637062,77.20044668863365,CAR101,
1111,119,28.612097879387267,1779701319.3016553,77.19540798545874,CAR101,
1112,81,28.600280394290778,1779785195.3945837,77.20496296159664,CAR101,
1113,103,28.60570350244554,1779776205.090454,77.1998260352484,CAR101,
1116,107,28.60504710602625,1779775190.6592379,77.1921455858654,CAR101,
1121,81,28.600236925590487,1779710286.4775712,77.20198125634361,CAR101,
1122,118,28.61194705990983,1779771506.3770468,77.19124325797131,CAR101,
1125,82,28.60317662430138,1779773748.2218068,77.19138167191149,CAR101,
1129,94,28.61586925417081,1779771967.4389083,77.19196018062205,CAR101,
1130,93,28.61280450453529,1779784625.4769692,77.20933683013173,CAR101,
1132,84,28.604510295752522,1779788037.7470107,77.20829188992433,CAR101,
1135,118,28.60108698057469,1779772176.9925475,77.2029889138425,CAR101,
1137,102,28.605888673488845,1779710885.7231846,77.192414033076,CAR101,
1138,94,28.617162344188078,1779777958.2967522,77.19055955625886,CAR101,
1139,85,28.619605067633056,1779699435.1667595,77.20141223104656,CAR101,
1146,83,28.615025523962675,1779774510.7234392,77.19553121348373,CAR101,
1154,84,28.61168547356442,1779699592.6264493,77.20686320561595,CAR101,
1155,119,28.60776454633831,1779775897.3207,77.20881841636896,CAR101,
1159,86,28.601245912905547,1779706396.0480108,77.20267869203857,CAR101,
1161,112,28.6038024090964,1779709232.1088238,77.19944195960197,CAR101,
1163,94,28.605932491245145,1779773824.5003726,77.20660791211064,CAR101,
1164,83,28.612521668029636,1779771708.2560716,77.19593301329394,CAR101,
1169,119,28.615176277519986,1779776490.9101207,77.1999253285189,CAR101,
1171,101,28.600308591145314,1779787275.5825207,77.19054386082011,CAR101,
1172,113,28.6014239954682,1779774234.1065807,77.19225874139487,CAR101,
1173,81,28.616842672905356,1779781875.6003218,77.20597012237782,CAR101,
1175,83,28.61926613770154,1779706250.620088,77.19176054019003,CAR101,
1178,90,28.613169471189103,1779776129.9125395,77.19043476175567,CAR101,
1180,112,28.61636650643831,1779777817.9923766,77.19466902251875,CAR101,
1182,107,28.608906930453102,1779708596.759774,77.20167368610596,CAR101,
1184,99,28.603537748271485,1779713389.0249958,77.19071999965439,CAR101,
1187,119,28.61796824406411,1779773507.68689,77.19097296754173,CAR101,
1188,114,28.615167382371844,1779786871.5633798,77.20881634249353,CAR101,
1190,83,28.61316465866689,1779767183.3038075,77.20226164739498,CAR101,
1192,105,28.612840276094367,1779712556.4572282,77.19767671512214,CAR101,
1194,90,28.603212053036852,1779693908.3815868,77.20155672008593,CAR101,
1197,92,28.604426454431295,1779697407.5779605,77.19841449320327,CAR101,
1199,110,28.619976112934662,1779773246.6742806,77.20404637695415,CAR101,
1205,88,28.605589727883277,1779784643.1791165,77.20232467305105,CAR101,
1206,112,28.60530332405031,1779787027.712949,77.19969105645781,CAR101,
1208,99,28.615722273109974,1779778825.0879986,77.20561400826392,CAR101,
1212,87,28.604074820695924,1779712678.17197,77.20383479576017,CAR101,
1213,112,28.618292191739823,1779699278.523233,77.2073373409801,CAR101,
1218,94,28.61351358717409,1779696941.3986309,77.1926849078635,CAR101,
1222,120,28.614647733545983,1779786765.3431032,77.20139221390379,CAR101,
1223,94,28.607164194851478,1779786460.5219088,77.20509229260762,CAR101,
1224,91,28.60691454020436,1779696805.981339,77.19492399766916,CAR101,
1228,95,28.605307921140874,1779778448.3088722,77.20035242712436,CAR101,
1229,96,28.6138405915098,1779710910.5643938,77.19958041984839,CAR101,
1231,102,28.617070349738466,1779772274.777805,77.20990132744254,CAR101,
1232,98,28.606240566428294,1779711559.6801834,77.20542755916267,CAR101,
1233,92,28.612454258450438,1779779196.408023,77.20154634573377,CAR101,
1236,85,28.6073371750051,1779709256.9731412,77.20805044864531,CAR101,
1237,85,28.61086759031897,1779699892.7872925,77.19651087393746,CAR101,
1238,112,28.616599579523026,1779776465.482126,77.20449563794007,CAR101,
1241,101,28.608166287103163,1779703113.3320215,77.19866905959391,CAR101,
1253,120,28.61576278160625,1779781889.7503128,77.19198004482591,CAR101,
1254,112,28.602695109452224,1779709115.1030023,77.19595541442587,CAR101,
1258,106,28.616409211715503,1779776314.0732536,77.20872863043081,CAR101,
1259,112,28.617023288452085,1779767218.097823,77.19610202887263,CAR101,
1260,101,28.61033460826282,1779776608.400915,77.1972657240048,CAR101,
1261,86,28.610941614115873,1779777987.7105122,77.19645871658962,CAR101,
1262,113,28.604328466518982,1779771431.1091604,77.20045976536763,CAR101,
1265,113,28.60463958956959,1779698279.3270416,77.1918423436933,CAR101,
1266,90,28.603472307818386,1779700553.958687,77.20586318918598,CAR101,
1267,88,28.607056889563175,1779693774.3122127,77.20998674935814,CAR101,
1271,85,28.6037679412698,1779698987.8317595,77.20118116848447,CAR101,
1274,119,28.609929476250144,1779709328.9826553,77.20094021090797,CAR101,
1276,109,28.600485831766285,1779773561.2235122,77.19135089911114,CAR101,
1277,119,28.60574168041228,1779778636.7077029,77.19657855082059,CAR101,
1280,82,28.61408329566777,1779706105.29,77.1931055786754,CAR101,
1284,101,28.609238943234057,1779770521.8012793,77.20280325483935,CAR101,
1285,87,28.616895933836698,1779709456.5693066,77.1968726613152,CAR101,
1286,119,28.60781450853492,1779786201.6806724,77.19867500109311,CAR101,
1294,85,28.614548398854776,1779782120.7615035,77.20261210073018,CAR101,
1297,106,28.606424555644697,1779787850.1732903,77.19465308003655,CAR101,
1301,120,28.617140166456693,1779773134.8871977,77.20714571391375,CAR101,
1306,118,28.602109333646894,1779786063.5734112,77.1997365424032,CAR101,
1307,102,28.606182737785357,1779775075.8722467,77.19290707936727,CAR101,
1309,111,28.607671459384893,1779711902.2003117,77.20982327745388,CAR101,
1313,120,28.612539265881193,1779774493.0255659,77.191059128208,CAR101,
1315,90,28.60036346839329,1779707601.9317803,77.19400891564,CAR101,
1316,114,28.616142961993653,1779787194.115377,77.20901012263379,CAR101,
1317,120,28.61345716943045,1779701011.974259,77.20992315151688,CAR101,
1318,85,28.606945955864408,1779778946.8028982,77.19159364067607,CAR101,
1319,116,28.61115245912581,1779711168.8722727,77.19810982185244,CAR101,
1320,113,28.609859760775194,1779767381.4771664,77.19768843796388,CAR101,
1323,86,28.61364796358999,1779771985.4036386,77.1907481302367,CAR101,
1326,113,28.604865441808574,1779790053.965599,77.19110386025731,CAR101,
1328,101,28.602401210933106,1779701240.1704,77.19164108125742,CAR101,
1332,119,28.61982457309031,1779697778.0028086,77.19795032840092,CAR101,
1333,113,28.601377259819486,1779786783.042747,77.19065144059351,CAR101,
1335,107,28.619300425845857,1779770751.5134027,77.20959583886975,CAR101,
1337,92,28.617541953025057,1779701649.5371113,77.19046524851731,CAR101,
1338,97,28.608138042838316,1779781641.8041422,77.19331100954433,CAR101,
1340,114,28.60623744072619,1779697965.674386,77.19647931685674,CAR101,
1341,113,28.61952105616271,1779773397.1388912,77.20014617929522,CAR101,
1344,105,28.61681886681242,1779775883.145667,77.19918171984905,CAR101,
1348,81,28.600241344395993,1779784873.6870074,77.19426576140496,CAR101,
1350,86,28.609722257870857,1779771215.0102644,77.196824165166,CAR101,
1358,116,28.617869455730364,1779775222.5269918,77.1946064606184,CAR101,
1359,120,28.612727533510714,1779774407.8188214,77.19836539391463,CAR101,
1362,89,28.613409907279646,1779707780.0304594,77.1993133796873,CAR101,
1367,91,28.60847631786569,1779703188.2348876,77.20163595591256,CAR101,
1369,90,28.606106530541396,1779697820.5672243,77.20319264442887,CAR101,
1370,92,28.605344021395666,1779774946.7762623,77.19408098926168,CAR101,
1372,102,28.616904367109594,1779784685.6111436,77.20883861917719,CAR101,
1375,112,28.612716978551905,1779788054.1604571,77.20260372003216,CAR101,
1377,94,28.6061006653813,1779697478.4183085,77.19256104199016,CAR101,
1378,119,28.607609729096232,1779776371.5225194,77.20428781905069,CAR101,
1381,89,28.616487759862217,1779770252.3812563,77.19084547515621,CAR101,
1387,109,28.617816016118514,1779771624.853971,77.19694220443489,CAR101,
1390,86,28.61773948543504,1779781893.2780602,77.19771903014215,CAR101,
1395,108,28.618402487678914,1779777666.005387,77.19112956682588,CAR101,
1399,103,28.61960261696733,1779779025.3089304,77.19233938172877,CAR101,
1401,102,28.604261399000674,1779767314.0263689,77.20278369542324,CAR101,
1403,107,28.608749236798314,1779773596.7195399,77.20741843722982,CAR101,
1406,110,28.60556456682432,1779697124.3813348,77.19962017318213,CAR101,
1407,105,28.608825729057347,1779711865.5412905,77.19808882905825,CAR101,
1411,97,28.60590673649298,1779708856.3900945,77.19624748643436,CAR101,
1412,101,28.608253145050394,1779707637.436882,77.19597492864361,CAR101,
1414,98,28.601707844971695,1779786825.4982128,77.19780074556328,CAR101,
1416,86,28.616908581160864,1779707694.4968176,77.19577732336752,CAR101,
1417,113,28.604158556257975,1779697286.5473037,77.20232078092837,CAR101,
1418,107,28.606128340111177,1779711308.0540757,77.19625463145766,CAR101,
1424,114,28.617222635901733,1779693309.49475,77.19609760316207,CAR101,
1429,87,28.615057041198714,1779710435.05887,77.20823144460591,CAR101,
1431,105,28.610099736354414,1779785475.463759,77.20007561190495,CAR101,
1434,112,28.61037381839816,1779707463.4827094,77.20807092482832,CAR101,
1437,101,28.605501388559937,1779773888.4329326,77.19460138147002,CAR101,
1439,95,28.614165983317548,1779701539.7752006,77.20498979442087,CAR101,
1440,101,28.61505216827092,1779778888.8367255,77.2062025022823,CAR101,
1441,102,28.613596503814797,1779699982.7993977,77.20684354879617,CAR101,
1442,90,28.60311872384462,1779706112.3843617,77.19235115167342,CAR101,
1443,102,28.61061535937156,1779770443.7824135,77.1973378040328,CAR101,
1446,108,28.60072877153586,1779706854.7825618,77.20619241794228,CAR101,
1448,86,28.612112184711837,1779700575.791153,77.2002283510435,CAR101,
1451,86,28.605521552283154,1779786215.9104793,77.19643516368532,CAR101,
1452,98,28.612825001322587,1779711760.9723172,77.20562859098061,CAR101,
1455,115,28.618384264954994,1779786350.4178355,77.19497710358011,CAR101,
1458,117,28.61691719403116,1779697428.824144,77.19339204602983,CAR101,
1461,87,28.600517695938542,1779778867.605457,77.20325837523085,CAR101,
1466,120,28.609600503866478,1779770227.460231,77.20779678326488,CAR101,
1467,101,28.61533817310874,1779777265.7227414,77.20729248474535,CAR101,
1471,94,28.60344934295443,1779784636.118504,77.19745546073554,CAR101,
1472,88,28.605140176571833,1779778280.0134757,77.19261527463128,CAR101,
1477,109,28.603386867652315,1779772162.5468447,77.20924325318033,CAR101,
1479,94,28.607991127512364,1779787059.6466272,77.19868311803724,CAR101,
1481,111,28.617494059174597,1779776011.8214314,77.20240869198834,CAR101,
1482,92,28.603032759728524,1779699076.518827,77.20484828987108,CAR101,
1483,86,28.61568685553253,1779771225.596092,77.20069787840096,CAR101,
1487,119,28.602546785082822,1779787137.456914,77.2054750542269,CAR101,
1489,98,28.61590541344633,1779712814.5622687,77.19225857844665,CAR101,
1491,107,28.616258569881776,1779771747.8296936,77.20773844041175,CAR101,
1495,94,28.617461568035367,1779770776.3327634,77.20588570364093,CAR101,
1498,98,28.610485601916327,1779698214.7661304,77.2047233186474,CAR101,
1499,93,28.617419898657268,1779712883.3797667,77.20426843214175,CAR101,
1503,113,28.60585145868971,1779786268.9522557,77.20247366336133,CAR101,
1505,107,28.61173419034042,1779786187.4564698,77.20668390374261,CAR101,
1506,117,28.61758307937866,1779709040.7405086,77.20753420613148,CAR101,
1507,95,28.617533661037168,1779706969.5116084,77.20959190433437,CAR101,
1508,116,28.6012091964405,1779785145.5190449,77.2079307651788,CAR101,
1513,86,28.61077037046318,1779786658.930797,77.20794939313993,CAR101,
1514,81,28.619325035681275,1779712257.628545,77.19386472112761,CAR101,
1516,98,28.61918536721098,1779701500.7169728,77.20115182492354,CAR101,
1517,87,28.605009722997,1779786453.4316497,77.19837066055099,CAR101,
1518,82,28.619917140597035,1779708828.1136558,77.20619997397867,CAR101,
1521,96,28.603464220341895,1779776519.713961,77.19893352108774,CAR101,
1522,81,28.617118331593957,1779770755.0747676,77.19475292070311,CAR101,
1523,97,28.619544222080037,1779776180.1589985,77.20663117157663,CAR101,
1524,103,28.60936269678329,1779770365.7019644,77.19954259147475,CAR101,
1526,120,28.604267268890727,1779771055.2711966,77.20275981993537,CAR101,
1530,104,28.613006445223352,1779711240.7932363,77.19547894473801,CAR101,
1533,119,28.601564006077314,1779710786.4043875,77.20262804551822,CAR101,
1534,120,28.610525168137343,1779787314.5404553,77.19353728852309,CAR101,
1539,98,28.608513891570553,1779700509.2808852,77.19872482270662,CAR101,
1542,98,28.610921037687103,1779785535.7147436,77.1990398592905,CAR101,
1544,107,28.61888853149992,1779778512.165194,77.20636364646003,CAR101,
1547,103,28.605670366863215,1779785759.2288427,77.19609583231816,CAR101,
1549,119,28.617739710151042,1779785599.4857965,77.20030176126889,CAR101,
1550,117,28.61546985772834,1779781936.0116475,77.20258059527302,CAR101,
1552,107,28.61125237767017,1779776636.7785163,77.20105836313827,CAR101,
1553,106,28.60154092473054,1779699172.3555264,77.20880576177046,CAR101,
1554,95,28.61757604701544,1779711538.0716298,77.20704646937568,CAR101,
1555,87,28.61073699769881,1779776158.2296224,77.20438458974408,CAR101,
1559,84,28.6017336298321,1779778675.712379,77.19225333903387,CAR101,
1560,95,28.61778793549394,1779767296.315995,77.19640081376738,CAR101,
1561,110,28.610418917595197,1779777782.0050335,77.19564392868149,CAR101,
1562,101,28.610666332941715,1779712163.7294624,77.19454488231355,CAR101,
1564,106,28.619002015536594,1779771261.040085,77.2027252053018,CAR101,
1565,100,28.61097275555388,1779707665.7729757,77.19563459959622,CAR101,
1567,109,28.619665940464873,1779707477.6506085,77.19518929488873,CAR101,
1579,109,28.60822383679069,1779702820.5234456,77.19446730502327,CAR101,
1581,99,28.601910909842488,1779777105.5087936,77.19128848801782,CAR101,
1582,91,28.619483811389085,1779708782.09234,77.2073797792321,CAR101,
1584,119,28.609000933429474,1779713024.4804354,77.19500378746099,CAR101,
1588,109,28.619395409851997,1779697200.120871,77.19073284024711,CAR101,
1589,96,28.604800976409,1779772125.7887273,77.20508150885412,CAR101,
1590,99,28.60770151101243,1779784600.6982756,77.19750694755992,CAR101,
1591,109,28.60446217494223,1779779149.5510633,77.20901195139228,CAR101,
1593,86,28.60988899191116,1779774397.1819694,77.20637444269903,CAR101,
1595,110,28.617767622162344,1779776201.5219502,77.1937842496401,CAR101,
1608,92,28.608897477661703,1779699564.134217,77.199465257551,CAR101,
1611,103,28.604229493049015,1779713313.1128159,77.20359939831935,CAR101,
1616,91,28.617157239640765,1779785294.4317255,77.1997421588088,CAR101,
1617,106,28.603107165453867,1779701036.733697,77.20399670064307,CAR101,
1619,94,28.613818072205316,1779709058.5166042,77.20508303585176,CAR101,
1622,110,28.610811922866368,1779786198.1316247,77.19690151347378,CAR101,
1625,107,28.614130558251865,1779787928.1187394,77.20597553884402,CAR101,
1626,110,28.615085477620767,1779707498.890265,77.19140482481332,CAR101,
1628,103,28.612371770363534,1779772082.4744818,77.20283183915649,CAR101,
1630,106,28.606633477987046,1779773985.3730135,77.20821488219771,CAR101,
1637,90,28.613916879099698,1779701881.1070778,77.19777411708571,CAR101,
1638,97,28.606429317615884,1779777868.5088484,77.19772653488221,CAR101,
1639,90,28.60335151693663,1779706912.3571835,77.20867656323578,CAR101,
1641,94,28.60228654088867,1779772202.383956,77.20663072038411,CAR101,
1642,116,28.61441919349097,1779767117.5543778,77.20278470037546,CAR101,
1643,107,28.619871568894165,1779713125.0386512,77.2013498066559,CAR101,
1646,109,28.602354045121704,1779697824.0942602,77.20467754067737,CAR101,
1649,93,28.601768053969714,1779700284.5088654,77.19172321902022,CAR101,
1653,106,28.615996058205184,1779710126.728845,77.20694511819465,CAR101,
1660,114,28.612258720968427,1779775886.6783566,77.19507603289004,CAR101,
1662,95,28.60223808900806,1779702795.575336,77.19131891533358,CAR101,
1664,99,28.61915031194544,1779774021.3586462,77.19266624166828,CAR101,
1666,98,28.606631181407728,1779706201.027485,77.20821153913307,CAR101,
1670,114,28.603321132757497,1779776386.3169396,77.20110192407012,CAR101,
1672,103,28.602218428344006,1779778810.890284,77.19148058515871,CAR101,
1673,113,28.61107683321035,1779774258.9087074,77.20753701102475,CAR101,
1676,100,28.616943601129663,1779778943.2419138,77.20640641023003,CAR101,
1680,116,28.60055128933347,1779790092.9852102,77.20972719197992,CAR101,
1684,108,28.60624739337398,1779771144.1134856,77.20709998929746,CAR101,
1688,115,28.616441588039258,1779697432.3520772,77.20511470115423,CAR101,
1689,117,28.611057361489593,1779785606.5706778,77.20809880697296,CAR101,
1690,92,28.60372757860629,1779708763.8713126,77.20460306085938,CAR101,
1692,112,28.619708455741918,1779693731.260235,77.2032428615219,CAR101,
1693,88,28.606573793123445,1779703138.226947,77.192484658552,CAR101,
1699,102,28.613518532206697,1779776342.976038,77.19419900346591,CAR101,
1700,103,28.600410580121164,1779706680.594781,77.1973506459842,CAR101,
1703,88,28.61869900607597,1779710594.14102,77.19822781144525,CAR101,
1704,96,28.612714001566093,1779786293.7142227,77.19532565393453,CAR101,
1707,88,28.612734386916163,1779778572.3140466,77.20927139505784,CAR101,
1708,96,28.60500125236939,1779778419.429656,77.19788393601286,CAR101,
1714,105,28.618011672215534,1779776580.028548,77.19564176829631,CAR101,
1716,86,28.60336502835069,1779782344.5499918,77.20569334676955,CAR101,
1717,101,28.615576892238906,1779693028.7264328,77.1939893871221,CAR101,
1718,93,28.615291653643837,1779778515.6954176,77.20293051277388,CAR101,
1720,99,28.616814337825893,1779712671.0029624,77.20788164589756,CAR101,
1724,106,28.609451053622475,1779710360.7914722,77.20393248578277,CAR101,
1725,90,28.60836797067582,1779772169.8200297,77.20716625124827,CAR101,
1729,106,28.615554790204932,1779785840.5780852,77.2058079019976,CAR101,
1733,87,28.61432266814518,1779776001.1815627,77.1995303131524,CAR101,
1735,82,28.60040035343347,1779698675.5821266,77.19967592692312,CAR101,
1736,111,28.616161411068763,1779698383.811866,77.19685537909999,CAR101,
1737,94,28.604507352002162,1779786456.9759083,77.2042946508838,CAR101,
1738,116,28.61873484432741,1779693114.3148572,77.20193302437241,CAR101,
1743,97,28.613142537731804,1779702610.2572954,77.19475271213136,CAR101,
1744,84,28.60306034710353,1779698186.5286736,77.20510651879657,CAR101,
1746,96,28.603712511694408,1779702125.1442432,77.1960262073237,CAR101,
1749,107,28.607443047034,1779709981.223238,77.20951625878453,CAR101,
1750,102,28.60440268882146,1779708884.7527971,77.19153740591065,CAR101,
1753,113,28.60613770041306,1779707726.3896914,77.2061470837002,CAR101,
1762,91,28.610876750014015,1779767616.71313,77.2015576511382,CAR101,
1763,97,28.601532002172803,1779711006.087989,77.19380856505119,CAR101,
1764,118,28.600450623607934,1779712640.0984082,77.20939759643346,CAR101,
1765,94,28.60116156984019,1779771578.2612782,77.20967697995684,CAR101,
1766,109,28.61334946557722,1779782280.7385378,77.19958772464142,CAR101,
1768,105,28.607825445382428,1779767694.5414143,77.20515253837958,CAR101,
1774,101,28.61270091428044,1779777753.0971944,77.19133383680266,CAR101,
1778,98,28.60351476089377,1779790057.5372555,77.20842553778297,CAR101,
1781,98,28.603662420780456,1779774266.4563212,77.19419288757182,CAR101,
1782,116,28.611909494572473,1779697579.4508526,77.19015293251391,CAR101,
1784,106,28.603916577467363,1779709242.7629018,77.19176461429237,CAR101,
1785,83,28.60374378832715,1779710463.318707,77.20140937178383,CAR101,
1786,91,28.606479812101362,1779787807.6353393,77.20799184222957,CAR101,
1787,81,28.613182653427458,1779774623.0480204,77.19733905103786,CAR101,
1789,104,28.612487270870613,1779703088.5339694,77.20699949629349,CAR101,
1791,105,28.609673413323225,1779697540.4571745,77.19647660275838,CAR101,
1793,103,28.604528823032886,1779697038.2065332,77.20349210227539,CAR101,
1795,90,28.602890245913578,1779774010.2148585,77.19506400586197,CAR101,
1800,113,28.601076732604,1779697453.5807824,77.20443607233976,CAR101,
1801,117,28.607855270325725,1779697749.6315746,77.20023268310261,CAR101,
1802,95,28.606629337018855,1779709210.8226926,77.20758996454796,CAR101,
1807,93,28.60176018533575,1779697207.2320812,77.19822594480243,CAR101,
1809,109,28.617662266992756,1779698058.6027331,77.20061376087098,CAR101,
1810,117,28.603684352362134,1779787843.111376,77.20421858494912,CAR101,
1813,95,28.603419258082567,1779779207.1376996,77.19871515875839,CAR101,
1814,104,28.618367704763433,1779698300.5785663,77.19575858956098,CAR101,
1815,119,28.602248622791688,1779710321.8266547,77.19014473982415,CAR101,
1816,87,28.61146151700171,1779709139.942413,77.20219895145287,CAR101,
1817,83,28.608976788159914,1779777315.8385556,77.20565433395262,CAR101,
1822,103,28.600583079641783,1779767772.3422074,77.19629963271589,CAR101,
1827,83,28.604593762843052,1779708089.2715,77.20800216618296,CAR101,
1828,106,28.619150373371234,1779708401.7600472,77.19007776389684,CAR101,
1829,86,28.601740479309225,1779701193.4435055,77.19469442387887,CAR101,
1830,97,28.616908966639123,1779701536.253091,77.20983251953592,CAR101,
1832,111,28.60745563187173,1779782092.4447606,77.19397653133697,CAR101,
1834,107,28.60534797182794,1779785209.514684,77.1913823227747,CAR101,
1835,81,28.611133345707263,1779709350.1961854,77.19671637466789,CAR101,
1839,114,28.60491229881322,1779702656.7566686,77.20428723293321,CAR101,
1840,82,28.61553055825552,1779786924.6631286,77.19030454338505,CAR101,
1841,97,28.61106848502424,1779706038.0099773,77.19493496189956,CAR101,
1850,114,28.609510646353083,1779778473.137926,77.19326920453344,CAR101,
1852,104,28.603227945405408,1779778276.4572654,77.1999143505805,CAR101,
1854,101,28.615292973867362,1779776230.412999,77.19799732508636,CAR101,
1856,86,28.61687476518223,1779773214.5366664,77.1964129501052,CAR101,
1857,118,28.600467232087105,1779787623.4075148,77.20790643614656,CAR101,
1859,84,28.607315291838525,1779774579.1923053,77.19521601932811,CAR101,
1862,102,28.612638439786846,1779701981.4095042,77.19103405083487,CAR101,
1863,85,28.618366590985094,1779775611.3724515,77.19420164916914,CAR101,
1867,103,28.60923915018094,1779697193.066279,77.2081622342387,CAR101,
1870,113,28.614741072847995,1779778159.4180036,77.19504836908507,CAR101,
1872,108,28.609302227427836,1779781638.267453,77.20716026677613,CAR101,
1873,100,28.602203361146945,1779788198.287925,77.20179015092424,CAR101,
1874,111,28.61733480485253,1779777594.6305423,77.20338358557797,CAR101,
1877,104,28.602140398449855,1779692939.9897983,77.19954445344034,CAR101,
1880,93,28.60018045171184,1779693157.473459,77.19830613462511,CAR101,
1883,90,28.601629985332014,1779699699.362051,77.19541104087885,CAR101,
1888,81,28.601439176340996,1779712239.5769553,77.19814635025948,CAR101,
1895,87,28.605423885955123,1779770222.0699472,77.1989986257686,CAR101,
1896,81,28.616942074738983,1779788208.878783,77.20939153924283,CAR101,
1899,107,28.60533845132215,1779700248.9309714,77.20449049879669,CAR101,
1901,101,28.61360637076833,1779697009.8890624,77.20275181537535,CAR101,
1902,118,28.619173162183863,1779713150.1287596,77.19988815060553,CAR101,
1905,103,28.608103194912687,1779698831.2392995,77.2099312453206,CAR101,
1906,84,28.60114474834427,1779788230.2075818,77.20648056300578,CAR101,
1908,111,28.607640035406767,1779706955.3917942,77.19124252712889,CAR101,
1909,102,28.616782463225082,1779711101.6487243,77.19547047207433,CAR101,
1911,81,28.60098668120987,1779698994.9252598,77.20694714275182,CAR101,
1912,97,28.600354481156053,1779702068.359223,77.20777954346737,CAR101,
1913,85,28.61135970639027,1779770582.7493482,77.19644457288206,CAR101,
1914,92,28.61808971249347,1779708221.1331766,77.2089229063288,CAR101,
1918,104,28.610108399791955,1779785706.1503818,77.1909890547287,CAR101,
1919,95,28.604456416849068,1779785443.1522636,77.20017559040873,CAR101,
1924,83,28.616578883881267,1779710119.660575,77.19811106063686,CAR101,
1925,112,28.61967976462823,1779712491.7530532,77.19486096289596,CAR101,
1931,83,28.61564118488946,1779696752.7017946,77.19509704534138,CAR101,
1935,118,28.603866846489094,1779784707.3339586,77.20095875371507,CAR101,
1937,96,28.60601620603954,1779776853.083047,77.20192804149312,CAR101,
1938,115,28.617339378625505,1779775633.0830357,77.2090481235979,CAR101,
1939,89,28.613702216385327,1779705938.8322651,77.19075068285666,CAR101,
1941,95,28.606431346289554,1779698579.5199213,77.20159992202659,CAR101,
1944,98,28.605228638629136,1779698622.021736,77.20888474817323,CAR101,
1945,91,28.60595192055917,1779774651.404667,77.20968963821261,CAR101,
1948,94,28.603957796701817,1779701068.693429,77.19970346310993,CAR101,
1950,96,28.604916741753836,1779784975.7114925,77.20475327333293,CAR101,
1952,116,28.619381511317854,1779786077.7338243,77.1996572432718,CAR101,
1954,108,28.618467282907563,1779696534.3945818,77.20236873938177,CAR101,
1955,94,28.611494879909955,1779785546.3066974,77.19997059160882,CAR101,
1956,100,28.61529542453739,1779697842.24649,77.19873417395685,CAR101,
1958,110,28.601046954721696,1779711746.145496,77.19425602763243,CAR101,
1959,120,28.60607275128996,1779767871.37211,77.20650749171509,CAR101,
1961,100,28.61605008461347,1779773176.3655584,77.20486626932234,CAR101,
1962,81,28.612773211765482,1779697551.091681,77.1963417841584,CAR101,
1968,99,28.6002742694725,1779767360.1358337,77.19359552633023,CAR101,
1971,117,28.618155410754213,1779712614.985957,77.20241431161958,CAR101,
1975,94,28.612423777486484,1779782212.9605253,77.20276624670944,CAR101,
1976,86,28.60651435597317,1779709353.7570705,77.20460908844382,CAR101,
1977,83,28.613229864150693,1779697113.7620804,77.19984765701308,CAR101,
1978,94,28.616865709887552,1779713038.820565,77.2070082082117,CAR101,
1981,83,28.61803024987154,1779700021.7144983,77.20398174263532,CAR101,
1986,98,28.61199854391804,1779707207.5432491,77.19825032477313,CAR101,
1989,118,28.609736806970837,1779713396.151042,77.20993361240548,CAR101,
1993,83,28.609238016099052,1779707218.1399562,77.19185153172982,CAR101,
1995,82,28.605362613156604,1779782490.946431,77.19197520938857,CAR101,
1996,99,28.619814631613377,1779706470.5478015,77.20777911656138,CAR101,
2000,81,28.60069036981799,1779706484.6979084,77.20744149734332,CAR101,
2005,116,28.601541004689803,1779785184.6978626,77.20023113206204,CAR101,
2006,116,28.610314882691107,1779777669.573202,77.20481832910538,CAR101,
2007,99,28.601066339077068,1779785088.8907428,77.19523807739371,CAR101,
2009,115,28.600439079792324,1779767299.868485,77.20084129796071,CAR101,
2010,104,28.615137212460887,1779693184.2653093,77.20047959796692,CAR101,
2011,91,28.60929619010844,1779785539.2476578,77.19688863849676,CAR101,
2012,95,28.617582019332804,1779712473.8861177,77.198922802032,CAR101,
2013,111,28.609734725132373,1779767765.2995749,77.19254930752922,CAR101,
2014,91,28.6113073567075,1779706240.020865,77.19693315214818,CAR101,
2016,109,28.606624041029256,1779703209.533001,77.19600272364252,CAR101,
2017,101,28.609386504157186,1779700106.9124637,77.198055589452,CAR101,
2019,88,28.607348782288426,1779790096.521006,77.19975299975933,CAR101,
2024,86,28.606021007743117,1779773607.3593328,77.20218113327064,CAR101,
2026,108,28.605680332513924,1779785467.8885882,77.20110200935403,CAR101,
2027,115,28.611753604092403,1779770643.6478894,77.19087595535228,CAR101,
2030,88,28.600572090457895,1779775115.7898977,77.19320037164316,CAR101,
2031,82,28.6062151940036,1779786744.0762591,77.20532868756203,CAR101,
2032,86,28.610884737415617,1779779174.872018,77.2089421407788,CAR101,
2033,90,28.601306243033317,1779702142.812348,77.2077936324992,CAR101,
2035,116,28.60898103465025,1779771376.7587903,77.19961446209442,CAR101,
2036,106,28.60671132812749,1779710782.8712578,77.20105272640049,CAR101,
2038,91,28.600874345585467,1779699813.7290967,77.20923061159179,CAR101,
2039,99,28.616830235030427,1779710261.5357652,77.19744862875912,CAR101,
2043,99,28.606649726259604,1779789819.8236506,77.19255734307966,CAR101,
2044,93,28.616155794074924,1779707228.7776914,77.1962512997631,CAR101,
2048,83,28.616455111099594,1779702339.025738,77.19702415774555,CAR101,
2054,87,28.604374236096508,1779706723.2404883,77.19792205465524,CAR101,
2057,113,28.613685185282026,1779707030.1438894,77.20021372668819,CAR101,
2060,114,28.618669083541562,1779776902.976877,77.20246571303224,CAR101,
2062,108,28.61875576656377,1779786339.7709517,77.19742309721246,CAR101,
2063,116,28.612701515474896,1779696855.899633,77.1961412308364,CAR101,
2064,102,28.60081837040798,1779770436.5528347,77.19255514508953,CAR101,
2070,83,28.605717424999373,1779708057.3233948,77.20881786284511,CAR101,
2072,89,28.604997381442253,1779713160.8788283,77.20591575378559,CAR101,
2075,109,28.61197639716919,1779710023.6512213,77.19450352315707,CAR101,
2080,85,28.60418445665679,1779776331.8304935,77.204831764204,CAR101,
2082,90,28.600734953670404,1779692954.1720858,77.20167652595165,CAR101,
2085,120,28.609215529782766,1779698261.6042335,77.20659853895575,CAR101,
2087,86,28.602431295401765,1779707399.676239,77.20418308616902,CAR101,
2090,81,28.61596508127539,1779774783.4723876,77.2016548638095,CAR101,
2091,89,28.606740388729833,1779776970.2903512,77.19453214167494,CAR101,
2092,97,28.61398020817234,1779706765.8050642,77.19761341213803,CAR101,
2093,86,28.602784641824037,1779710726.1542883,77.19114090884689,CAR101,
2095,97,28.61074037261983,1779707175.6754441,77.20965120074584,CAR101,
2097,110,28.61648492134563,1779788091.6334186,77.19123189008157,CAR101,
2099,109,28.618025639541838,1779785361.6740572,77.19903607147471,CAR101,
2103,115,28.610590006163978,1779776432.9662697,77.20238127110736,CAR101,
2109,97,28.601718580346496,1779787257.8940127,77.20948143638151,CAR101,
2111,91,28.61155310575373,1779786219.4503744,77.20248409333685,CAR101,
2113,119,28.604086126322166,1779698625.5394878,77.19192585128424,CAR101,
2114,108,28.60139738867402,1779701200.5505939,77.20543047479549,CAR101,
2116,85,28.615841731581533,1779693801.2925231,77.2017035116919,CAR101,
2120,88,28.60510344551806,1779708178.182689,77.1970327496822,CAR101,
2121,114,28.61683896947654,1779703184.6858323,77.20784447857653,CAR101,
2122,120,28.619971612956064,1779693128.5450501,77.2088418535129,CAR101,
2124,93,28.61857615846198,1779775308.951652,77.19344571590068,CAR101,
2128,105,28.618990974784303,1779710541.0340548,77.19297774597794,CAR101,
2131,117,28.60158007428177,1779701086.425232,77.20948558462355,CAR101,
2134,100,28.604014706709847,1779787825.3639116,77.19054403517505,CAR101,
2136,109,28.618157892633164,1779784982.756845,77.19547064317071,CAR101,
2137,109,28.60587341396257,1779773610.907598,77.20688753149435,CAR101,
2138,108,28.60923206776242,1779712703.3617823,77.2021306024145,CAR101,
2140,81,28.61629568342967,1779771200.838998,77.20157926920957,CAR101,
2142,83,28.61601941311303,1779773974.743492,77.20417327029588,CAR101,
2146,102,28.61207283725093,1779693880.8901775,77.19719648287897,CAR101,
2147,113,28.600648530060507,1779698664.9732609,77.20819583853923,CAR101,
2151,117,28.61231098054586,1779784792.3386655,77.20695369888189,CAR101,
2152,84,28.614847089319806,1779775054.570283,77.19877514598105,CAR101,
2154,115,28.615486678860208,1779706009.6439438,77.2064978005899,CAR101,
2159,88,28.605500169702847,1779709474.524147,77.20400936002565,CAR101,
2164,117,28.60058851574079,1779779035.925532,77.20528045855684,CAR101,
2165,108,28.619832213378693,1779774468.2502058,77.20845482011461,CAR101,
2168,93,28.604308233893256,1779702446.6299691,77.19002314926881,CAR101,
2169,87,28.61822320447803,1779784561.7594857,77.19484521144071,CAR101,
2170,90,28.618238545036313,1779775417.5056918,77.19572561307143,CAR101,
2171,97,28.608438532979676,1779709364.366635,77.20097355128459,CAR101,
2172,108,28.61337104621556,1779767370.8306928,77.19830087880165,CAR101,
2173,97,28.61113513334625,1779782411.9882286,77.20167884665902,CAR101,
2174,88,28.617145328473104,1779702834.6931942,77.20730515620842,CAR101,
2176,110,28.610212334626855,1779700607.7371316,77.19355314411915,CAR101,
2180,100,28.61997735542363,1779767637.9411006,77.19318197430538,CAR101,
2182,97,28.607573367682047,1779698881.4953094,77.19256951186729,CAR101,
2185,95,28.61791829370432,1779711419.3912623,77.20231909124143,CAR101,
2191,109,28.604190785643706,1779784547.6347804,77.20520088456142,CAR101,
2192,116,28.61934880784354,1779712775.081126,77.20441119951772,CAR101,
2193,88,28.615425641974326,1779778575.832427,77.19572351524867,CAR101,
2197,83,28.616568233947227,1779770737.3210495,77.20872951281534,CAR101,
2200,118,28.61294034811387,1779781709.0886776,77.2094807157438,CAR101,
2201,99,28.60646771725722,1779712308.4993882,77.20556736193706,CAR101,
2202,93,28.603111147802903,1779786623.4023588,77.20658296426599,CAR101,
2208,118,28.60078766882643,1779710999.0033443,77.20914963368804,CAR101,
2210,83,28.601179144930803,1779775258.961753,77.20593101135603,CAR101,
2211,106,28.603784257938454,1779779099.6081269,77.19463157108565,CAR101,
2214,116,28.6053741395216,1779699044.531907,77.19415582851768,CAR101,
2217,102,28.60606975295015,1779778604.5849636,77.1944365522534,CAR101,
2226,109,28.60376320177671,1779773169.0927289,77.20473753650536,CAR101,
2227,81,28.61451682123229,1779708983.9682398,77.20114564745181,CAR101,
2232,85,28.615865402776926,1779710733.3586195,77.19464676327038,CAR101,
2234,88,28.61949286167322,1779774886.6161342,77.20292236373525,CAR101,
2235,118,28.604315146474047,1779710215.261439,77.20812337723521,CAR101,
2237,90,28.615149800895743,1779775511.0958118,77.20069386558998,CAR101,
2239,96,28.604235275501793,1779785351.0630312,77.1986071786457,CAR101,
2242,97,28.6135300148167,1779788105.973825,77.19920817290773,CAR101,
2247,120,28.616276642219095,1779767324.6701925,77.20212550869708,CAR101,
2250,114,28.60462119244874,1779782067.652089,77.1992676457093,CAR101,
2256,99,28.617398683723383,1779773154.7923222,77.1913033891814,CAR101,
2260,87,28.610716139414468,1779700725.1075532,77.19674832627683,CAR101,
2261,93,28.603765475181095,1779699549.057284,77.1944101460645,CAR101,
2262,115,28.601274405175655,1779785680.9820929,77.1994780191605,CAR101,
2265,98,28.60094206011606,1779699531.2782788,77.20301991090506,CAR101,
2267,109,28.60903751725161,1779767338.8597314,77.19240985281806,CAR101,
2268,110,28.603824539099385,1779699903.456467,77.20804977681227,CAR101,
2271,100,28.606953935266713,1779773593.1848066,77.19756950935349,CAR101,
2274,84,28.605511044829672,1779773629.082023,77.20560912167048,CAR101,
2275,91,28.618137952876474,1779706595.1229417,77.19179093547007,CAR101,
2287,89,28.60300642079914,1779784721.4994802,77.19813780662415,CAR101,
2292,111,28.610110503900703,1779703377.6209588,77.2024825320041,CAR101,
2293,112,28.605174627335142,1779782006.8301458,77.20153174998617,CAR101,
2297,110,28.60487740627982,1779706310.978163,77.20625809183446,CAR101,
2312,87,28.6172591370947,1779710208.1900816,77.20251879348287,CAR101,
2313,88,28.618984622830418,1779777778.4827812,77.19071068145793,CAR101,
2314,106,28.60355180224772,1779711851.0033455,77.20343570802704,CAR101,
2315,98,28.602853454078716,1779778807.33878,77.19092731578523,CAR101,
2316,85,28.60507548982998,1779774358.2396321,77.20375121897158,CAR101,
2325,94,28.602408006709897,1779785025.1849012,77.20346172228369,CAR101,
2326,87,28.61334040932481,1779776393.4429982,77.2006506338157,CAR101,
2327,96,28.6085442915897,1779776842.4621446,77.2015646741436,CAR101,
2331,83,28.61322594057694,1779701065.165883,77.19907783533887,CAR101,
2332,100,28.60992923892902,1779778993.4349556,77.19651701196223,CAR101,
2335,94,28.613014714840727,1779771866.9827492,77.2041593103936,CAR101,
2337,83,28.61087036085606,1779712879.795708,77.19627437130065,CAR101,
2339,98,28.60469082263684,1779767466.6557717,77.2033726066819,CAR101,
2341,87,28.601258976372865,1779701104.6789303,77.20990167717603,CAR101,
2343,102,28.60654795239594,1779707573.5655446,77.20879855499531,CAR101,
2347,108,28.602969443311274,1779771434.697566,77.1932021693892,CAR101,
2353,91,28.610916464024125,1779708550.7135036,77.19807598091197,CAR101,
2354,107,28.6167698438523,1779693223.4216957,77.20066676160761,CAR101,
2355,108,28.611697252382797,1779782369.4415483,77.19811383411472,CAR101,
2359,117,28.615256626891927,1779772195.2199342,77.20273695144225,CAR101,
2360,106,28.612868344995444,1779787410.371513,77.20472416815167,CAR101,
2361,110,28.61479132445427,1779786471.1689959,77.20167725110421,CAR101,
2363,99,28.61528002290757,1779708110.5472124,77.19572514780685,CAR101,
2368,82,28.61790406687616,1779771766.2673185,77.20468946967752,CAR101,
2369,109,28.617723060130967,1779767956.4511788,77.20294221582009,CAR101,
2370,89,28.604779782733303,1779776136.9976466,77.20410887942434,CAR101,
2371,86,28.6156645087087,1779702153.4879599,77.20264111139566,CAR101,
2374,101,28.61046650529335,1779782426.1741345,77.19942512808669,CAR101,
2375,104,28.61928636881494,1779787020.6373377,77.1935529441477,CAR101,
2376,116,28.60346281273082,1779712174.479829,77.2038114419319,CAR101,
2377,97,28.60598581264043,1779699517.0351412,77.20243609801987,CAR101,
2378,92,28.614976844916733,1779700807.9387815,77.19978446572732,CAR101,
2380,93,28.601075167083213,1779777573.2962768,77.20204103751851,CAR101,
2383,87,28.609348532040205,1779708618.0097005,77.19356972722206,CAR101,
2389,106,28.605070060882106,1779696852.3331883,77.19654453650665,CAR101,
2390,85,28.609268917399312,1779776303.0009246,77.19155671218061,CAR101,
2391,99,28.600885027089642,1779697268.3749506,77.20222327968493,CAR101,
2394,93,28.602469730672986,1779697685.7452102,77.20661684693533,CAR101,
2398,109,28.614279661716548,1779778155.3944533,77.20815360593626,CAR101,
2401,107,28.61712265375264,1779702792.0471828,77.20810972882498,CAR101,
2404,114,28.606272504856495,1779787034.8243608,77.1919034602991,CAR101,
2406,111,28.61488297508733,1779702731.1498194,77.20399603646094,CAR101,
2407,85,28.604201695147633,1779701774.2976222,77.19757051608134,CAR101,
2409,86,28.61477041224381,1779712618.5751076,77.19792266951424,CAR101,
2410,83,28.60895211860094,1779701129.6183083,77.20979199446988,CAR101,
2411,106,28.61643905969718,1779770280.7792602,77.19955858976033,CAR101,
2412,103,28.60655411165397,1779706428.085904,77.20106428124531,CAR101,
2413,95,28.603809367205518,1779774162.3286633,77.1987113301333,CAR101,
2416,113,28.619372042982473,1779784551.1563957,77.20915381047719,CAR101,
2419,96,28.61237663574453,1779702824.0613654,77.20360898523441,CAR101,
2425,92,28.605496402297103,1779790000.617315,77.20782170716454,CAR101,
2426,96,28.61382183561715,1779700145.9232342,77.20839277396243,CAR101,
2428,98,28.61993441189452,1779781623.9681911,77.19889624659636,CAR101,
2431,113,28.612040012140852,1779776913.5672374,77.20912116911131,CAR101,
2442,90,28.61585311330371,1779776025.9738078,77.19288053382952,CAR101,
2443,115,28.605139608102622,1779775543.4666848,77.19052643447326,CAR101,
2445,117,28.607723513185302,1779773715.3826692,77.19614349058152,CAR101,
2448,117,28.617330564098356,1779707676.3729465,77.2007941031383,CAR101,
2449,115,28.60782192074486,1779699282.0737667,77.19805822162377,CAR101,
2452,96,28.610336992823047,1779706261.1929855,77.20550009946737,CAR101,
2453,102,28.601537874889775,1779779274.4787989,77.19715852145245,CAR101,
2454,111,28.605418881131488,1779706452.8326259,77.203062883855,CAR101,
2456,81,28.609176737546765,1779787896.261475,77.20307897336595,CAR101,
2458,106,28.61778751373486,1779706275.3810387,77.19281369524896,CAR101,
2460,100,28.608169922535804,1779776461.9147673,77.19420807147313,CAR101,
2467,86,28.60987626303508,1779773809.778975,77.19353214133233,CAR101,
2468,90,28.604903895561783,1779699831.5970683,77.20465976161151,CAR101,
2478,100,28.607007310333188,1779696770.4628096,77.20894992970453,CAR101,
2480,81,28.602657298669918,1779702938.7083228,77.19225509449731,CAR101,
2481,96,28.60050999539482,1779702564.1922102,77.20106981117272,CAR101,
2489,113,28.60893503164322,1779777440.998234,77.20771352332542,CAR101,
2496,111,28.617373439682037,1779700085.6047802,77.20349018803168,CAR101,
2501,116,28.603339245168684,1779785159.6873322,77.196149524736,CAR101,
2505,97,28.610707695456565,1779701645.9959626,77.2008763600865,CAR101,
2507,111,28.614412338112135,1779771910.2402682,77.19320335161386,CAR101,
2509,105,28.615175346018926,1779713403.3600192,77.19589181114087,CAR101,
2510,113,28.605376706522588,1779708600.3074832,77.19502775612479,CAR101,
2512,91,28.615796788782134,1779784434.5177631,77.19326148389638,CAR101,
2515,94,28.613339086737007,1779775686.684294,77.20970625039831,CAR101,
2517,93,28.61969459362137,1779698934.6521971,77.19093300384,CAR101,
2518,120,28.610613881035935,1779776411.6624708,77.20564645945616,CAR101,
2519,85,28.6180915850725,1779711350.4040992,77.19257135440121,CAR101,
2520,97,28.61140346720906,1779787218.9591715,77.19097776641475,CAR101,
2522,92,28.612504343016163,1779710719.0740259,77.19577199253762,CAR101,
2523,87,28.603072787105308,1779693089.4711552,77.20023339046878,CAR101,
2538,86,28.601881047892377,1779696641.8584924,77.20525187198476,CAR101,
2539,113,28.613266894542893,1779697182.4886339,77.19179624557493,CAR101,
2540,116,28.607386996731766,1779702895.5132227,77.19917082228828,CAR101,
2541,117,28.603396226150917,1779712660.25172,77.19208038965517,CAR101,
2543,85,28.604809829183036,1779702699.3002646,77.20956046850628,CAR101,
2545,86,28.613362009472155,1779779057.1833372,77.20902881843111,CAR101,
2546,106,28.616028875208453,1779698012.046207,77.2095223827534,CAR101,
2547,105,28.61185934739903,1779710162.0798035,77.19121589250999,CAR101,
2550,118,28.61492451951699,1779786421.633396,77.19825004890461,CAR101,
2551,111,28.60462131040644,1779702759.6578221,77.19819680927121,CAR101,
2556,100,28.606868396051574,1779701738.7852352,77.19543345911613,CAR101,
2560,107,28.60315324067738,1779701831.313344,77.19509257760944,CAR101,
2565,114,28.617336375826124,1779709161.2902935,77.19064988383059,CAR101,
2566,88,28.61137435766084,1779767139.1242175,77.1994227891456,CAR101,
2570,95,28.612473079818155,1779771585.4256063,77.19107611599003,CAR101,
2577,97,28.6117404841244,1779779000.4764688,77.20574469442302,CAR101,
2578,96,28.61553974654478,1779699239.7668123,77.19031788979588,CAR101,
2579,81,28.600761867416658,1779777222.5214021,77.19210401243087,CAR101,
2582,99,28.618049607020577,1779698870.8969235,77.19020297453848,CAR101,
2584,99,28.610490506273415,1779710357.262366,77.20937289025426,CAR101,
2588,89,28.60259562857005,1779702713.4428232,77.19049833957271,CAR101,
2594,109,28.60733274638261,1779710693.660515,77.20808109953833,CAR101,
2595,89,28.619688212188432,1779772217.1307383,77.19032383575517,CAR101,
2596,112,28.605367597249156,1779778298.1854062,77.20403892546803,CAR101,
2597,98,28.608038421480313,1779713298.8107939,77.2064506534357,CAR101,
2603,84,28.60107168013938,1779771617.6853375,77.19214029559345,CAR101,
2605,89,28.61622311245378,1779706126.5645397,77.19892801037554,CAR101,
2610,93,28.61429977381491,1779711895.0320113,77.19706235300794,CAR101,
2615,109,28.614606795019704,1779776661.5823472,77.19886579195942,CAR101,
2616,99,28.60921844569441,1779702328.4124649,77.19432815382233,CAR101,
2620,111,28.618197336594786,1779706709.0891154,77.2022161860657,CAR101,
2623,83,28.607731202590376,1779775129.957044,77.20767091027948,CAR101,
2626,94,28.60280986282366,1779776375.6276364,77.19091936661998,CAR101,
2629,105,28.60331094444475,1779782383.6163385,77.20981996994861,CAR101,
2631,90,28.61080378512658,1779701305.0804684,77.19164676274028,CAR101,
2636,100,28.618255864056636,1779696902.3778794,77.19774036186823,CAR101,
2644,82,28.61824155354411,1779770864.2644982,77.19091101717446,CAR101,
2646,85,28.60656741810983,1779789947.517525,77.20474976928233,CAR101,
2650,114,28.600439542086402,1779767363.6747985,77.19171001530222,CAR101,
2653,98,28.616208600005105,1779701734.7294269,77.1969684363245,CAR101,
2658,109,28.60095856681565,1779790089.441675,77.19895200097021,CAR101,
2661,82,28.616769453529216,1779778241.0928311,77.20646763169563,CAR101,
2662,119,28.60595690757476,1779702849.3300939,77.19631954652166,CAR101,
2666,89,28.612477696388844,1779770316.054292,77.19977807290392,CAR101,
2670,108,28.61468974595119,1779700678.8010733,77.20964241870561,CAR101,
2672,82,28.608716864618806,1779771542.4878302,77.20404929021302,CAR101,
2673,109,28.60163420252394,1779775266.0257761,77.19323270532485,CAR101,
2677,105,28.602883404963954,1779705917.5251064,77.20467882405303,CAR101,
2678,88,28.618349089775492,1779786488.901765,77.19487789959035,CAR101,
2679,87,28.60732078783419,1779697838.7195103,77.20785668281957,CAR101,
2680,116,28.60233968388416,1779773486.3144584,77.20347826081107,CAR101,
2682,84,28.605171416455693,1779777376.6132164,77.19830603787736,CAR101,
2683,102,28.603817854516883,1779693846.763975,77.19526542135782,CAR101,
2684,85,28.619796736510214,1779787417.4545949,77.19707744254853,CAR101,
2687,95,28.61362350436659,1779707296.216459,77.20640603907806,CAR101,
2690,116,28.60691287830557,1779696959.1147125,77.19484943144617,CAR101,
2691,105,28.60683576265022,1779711982.3753624,77.20774772256613,CAR101,
2692,98,28.613427427007377,1779710336.006845,77.2075760817973,CAR101,
2696,110,28.602861344126424,1779712228.8081656,77.19871390399265,CAR101,
2699,89,28.605272330418007,1779707474.103174,77.20104305953795,CAR101,
2701,103,28.6155169218247,1779701575.184563,77.1987275939642,CAR101,
2703,98,28.602798274291313,1779784802.8923664,77.19173568083272,CAR101,
2710,104,28.608020839787198,1779706006.1236458,77.19074924293669,CAR101,
2711,91,28.60811747873301,1779709267.623381,77.20564280338957,CAR101,
2712,95,28.608014621773247,1779703009.9852118,77.19376102989202,CAR101,
2713,113,28.605593876231595,1779698963.011584,77.19740734852975,CAR101,
2717,91,28.610928788797157,1779771888.6349463,77.2077904856811,CAR101,
2719,106,28.618425025756583,1779782462.5627117,77.19248943490898,CAR101,
2724,93,28.61935286914546,1779698468.8545172,77.20305801636948,CAR101,
2730,88,28.602157485398482,1779774129.9730396,77.20674987470946,CAR101,
2733,112,28.60471250501401,1779699122.6858752,77.19536921464521,CAR101,
2735,105,28.613352432053354,1779699356.5557222,77.19632110161649,CAR101,
2736,104,28.610093757463957,1779706098.2197614,77.20945066909947,CAR101,
2737,104,28.61844478408438,1779696742.0261292,77.20921087284538,CAR101,
2738,99,28.60610483884873,1779782198.780332,77.20746585482263,CAR101,
2740,106,28.60697861925311,1779711300.9762158,77.19643615374038,CAR101,
2741,89,28.616705953568417,1779774432.5381877,77.19330704529362,CAR101,
2742,105,28.604523602433886,1779784788.8149252,77.20701647225766,CAR101,
2743,82,28.606537326591894,1779699289.19552,77.1970711523219,CAR101,
2747,113,28.611069066519892,1779786173.294932,77.20195786510368,CAR101,
2748,102,28.614831656377294,1779706580.940236,77.19926116391791,CAR101,
2751,114,28.608192805887526,1779706381.8623538,77.207741185691,CAR101,
2753,81,28.612209272808315,1779696691.8196194,77.19946586207953,CAR101,
2756,93,28.61938667899918,1779774608.9346864,77.199984046605,CAR101,
2763,98,28.617081213034837,1779702981.398913,77.19797816090727,CAR101,
2765,91,28.613716826470462,1779708387.5750337,77.20579256631163,CAR101,
2776,87,28.610357957194783,1779776350.0776193,77.19408972247703,CAR101,
2778,95,28.606391165922762,1779786325.5871272,77.2067202493427,CAR101,
2781,116,28.60153743668021,1779776658.0472004,77.20563218179612,CAR101,
2782,105,28.614310270541473,1779702967.1765864,77.20719330791431,CAR101,
2783,89,28.611330983374373,1779775890.2164896,77.19501608859422,CAR101,
2785,104,28.60875420708673,1779786141.4778268,77.1917398277312,CAR101,
2786,99,28.60446470425265,1779776742.3648696,77.19801703886382,CAR101,
2787,97,28.60282324292736,1779712145.8099256,77.20856615958503,CAR101,
2790,106,28.614571794635864,1779700843.8223639,77.20224589396787,CAR101,
2791,114,28.6074043810655,1779782429.7314274,77.19331696188198,CAR101,
2792,89,28.619811766505414,1779693678.226349,77.19179384819256,CAR101,
2793,114,28.618749472637642,1779785021.6399088,77.20238000792517,CAR101,
2794,109,28.611954000385705,1779711247.9022202,77.19236038792147,CAR101,
2795,103,28.604148493614684,1779771470.4311845,77.20305882177198,CAR101,
2796,108,28.61863205668211,1779702203.1049323,77.19138572760886,CAR101,
2799,110,28.60232029744621,1779786673.1695485,77.19188129338383,CAR101,
2801,94,28.618928009739047,1779770762.1530964,77.19382364928717,CAR101,
2802,91,28.601845792641445,1779786148.5511186,77.20520096338501,CAR101,
2805,86,28.612003247506433,1779777717.61282,77.19448930285988,CAR101,
2806,92,28.611123647219287,1779782533.5239768,77.19216811041949,CAR101,
2808,83,28.617657743581127,1779777055.9441202,77.20480068272265,CAR101,
2809,87,28.616528820618754,1779697969.2237194,77.19547427057954,CAR101,
2813,116,28.60798756510283,1779787385.4786665,77.19694825817052,CAR101,
2814,90,28.604940040752904,1779698597.252088,77.2064965873434,CAR101,
2817,118,28.607905880865857,1779708944.9602373,77.20197947460629,CAR101,
2819,96,28.616048937493627,1779770369.2750487,77.20529719368155,CAR101,
2823,85,28.615809182537273,1779772078.8960426,77.20038918682877,CAR101,
2825,105,28.607804724715688,1779712872.6022882,77.19932192555233,CAR101,
2826,106,28.609435351856966,1779771362.504046,77.20748921185091,CAR101,
2828,116,28.6051605628954,1779774805.2274988,77.20149004107803,CAR101,
2829,92,28.603852794864984,1779701596.3926332,77.2025667015124,CAR101,
2830,89,28.603574015729368,1779777605.2733588,77.19411252626169,CAR101,
2834,93,28.60373614763153,1779786439.3042252,77.19188139646131,CAR101,
2836,113,28.606033346297778,1779700149.4559479,77.20636850464051,CAR101,
2838,85,28.601838415312375,1779708642.7659392,77.20491796985915,CAR101,
2844,92,28.61350473479541,1779701214.7362175,77.1943655231836,CAR101,
2846,102,28.610770898825724,1779709225.040557,77.196980041127,CAR101,
2847,98,28.600929381735636,1779709977.6872525,77.20373219195751,CAR101,
2849,96,28.602867401088044,1779770557.7521043,77.20866295875092,CAR101,
2850,102,28.607579815454283,1779770234.5759091,77.19679570175323,CAR101,
2853,82,28.60418206216228,1779706748.09471,77.19299200647178,CAR101,
2854,90,28.609375683001332,1779771275.7295413,77.20836675419834,CAR101,
2858,95,28.60669541060656,1779770454.5366743,77.202069380375,CAR101,
2859,101,28.612059212512495,1779770528.936931,77.20155720313723,CAR101,
2860,100,28.60041817636701,1779697735.4688914,77.19561439496418,CAR101,
2861,113,28.61531715903578,1779776004.7290637,77.20489121136508,CAR101,
2862,82,28.60671786409098,1779775390.8035643,77.19652089814234,CAR101,
2863,110,28.611555388416,1779693645.964834,77.19368171648146,CAR101,
2865,91,28.602006944978296,1779706620.394774,77.19034092270088,CAR101,
2866,104,28.60833828519071,1779698700.3308058,77.19252668875023,CAR101,
2868,84,28.613877543596768,1779787977.6408195,77.20697304307718,CAR101,
2875,111,28.619177782121813,1779771133.467395,77.20847163813161,CAR101,
2878,108,28.606453294889626,1779777490.6700647,77.20917012095964,CAR101,
2881,108,28.61781533632781,1779699345.9278202,77.19611215046788,CAR101,
2883,106,28.61393431590095,1779711165.3378656,77.20677645319718,CAR101,
2884,96,28.61486802338864,1779707943.871825,77.20431179233604,CAR101,
2885,85,28.61698323420529,1779786346.8617344,77.20787401655538,CAR101,
2886,104,28.60047929506685,1779774861.8205674,77.20734128151221,CAR101,
2888,112,28.612593756681637,1779778294.6423082,77.19274445930992,CAR101,
2894,119,28.615344495267976,1779705988.3892777,77.19251036234257,CAR101,
2896,88,28.604325420811243,1779706339.276632,77.2076125063535,CAR101,
2900,116,28.60622884178467,1779767744.0610063,77.19173848025325,CAR101,
2901,88,28.61012362029499,1779786942.3861678,77.19547304012329,CAR101,
2903,112,28.606359120668913,1779701372.4931889,77.194862158732,CAR101,
2904,111,28.607830690471207,1779777211.9370506,77.19808746046544,CAR101,
2905,103,28.60534249691258,1779696695.5581963,77.20056927279202,CAR101,
2906,117,28.606100241277932,1779774911.3959236,77.2049095043512,CAR101,
2909,114,28.600912794432936,1779776799.831231,77.19492533479084,CAR101,
2912,112,28.60649651771122,1779782348.095359,77.20164480914617,CAR101,
2922,106,28.601590478785848,1779779192.856637,77.19012459863683,CAR101,
2923,104,28.61319939740529,1779778965.1598647,77.20534235303509,CAR101,
2924,88,28.60341440165924,1779767445.3308291,77.20294748314326,CAR101,
2925,90,28.609639498501256,1779775047.4825563,77.20968122875563,CAR101,
2929,109,28.60869933879663,1779781609.8393407,77.1970010110389,CAR101,
2935,87,28.609133418676908,1779771884.994587,77.19616329528371,CAR101,
2939,104,28.61079101713961,1779791360.7737515,77.19278948209181,CAR101,
2944,115,28.60861933445443,1779777240.7359533,77.1906508108804,CAR101,
2945,93,28.611285205648723,1779693835.3676538,77.19060108507782,CAR101,
2946,96,28.611379184941857,1779785659.7048657,77.19641014744285,CAR101,
2947,98,28.609684779783876,1779710066.0814676,77.1912318744679,CAR101,
2952,112,28.613090558886547,1779700950.5752907,77.19295931520881,CAR101,
2953,89,28.617827134861425,1779706573.4309454,77.2043488712434,CAR101,
2958,104,28.603357095088136,1779699599.7336023,77.2059651374758,CAR101,
2959,91,28.60461629718532,1779710853.9186823,77.19440348176587,CAR101,
2962,105,28.6150323073915,1779699214.9148314,77.19537095076164,CAR101,
2966,105,28.6004439382997,1779711574.014905,77.20175940028108,CAR101,
2967,106,28.603080725397945,1779699628.2260475,77.19433169689431,CAR101,
2968,83,28.603769584081807,1779788009.4591434,77.20642956190842,CAR101,
2970,91,28.606079758661984,1779698867.2991593,77.19702587922163,CAR101,
2971,91,28.610814432228143,1779786496.0308654,77.19726502181831,CAR101,
2972,118,28.61673032435599,1779713346.0158753,77.20105553800259,CAR101,
2973,118,28.60769751723085,1779776248.1511602,77.19085813880595,CAR101,
2979,92,28.611212037780447,1779771466.8742397,77.20707962040909,CAR101,
2981,112,28.61100574623409,1779701899.0102131,77.20248064136415,CAR101,
2982,103,28.616729423863607,1779773622.000057,77.19401588840395,CAR101,
2984,104,28.603372258049536,1779700879.2641082,77.2033000959823,CAR101,
2987,114,28.604925071403784,1779703348.3860395,77.19614978819988,CAR101,
2988,84,28.610977396537564,1779701101.1238263,77.19498999956421,CAR101,
2993,114,28.617551755359646,1779777283.980526,77.19959955708649,CAR101,
3001,118,28.601654590513775,1779706030.8829594,77.2083220670675,CAR101,
3002,94,28.61699646444866,1779775826.4225447,77.1946057584699,CAR101,
3004,97,28.616916720148293,1779767687.4526503,77.1965102033286,CAR101,
3009,115,28.608758136053037,1779776647.4064188,77.19177305110692,CAR101,
3010,103,28.61521669569713,1779697350.3962126,77.20715419726642,CAR101,
3011,84,28.616161683236978,1779712825.3197803,77.1987645088131,CAR101,
3014,89,28.60703664769788,1779701026.1091897,77.2085187807937,CAR101,
3020,93,28.607031765483082,1779770882.0563846,77.19096769194687,CAR101,
3024,89,28.60552318161012,1779698565.3338573,77.19639165315412,CAR101,
3025,110,28.60121942040058,1779785127.8129263,77.20388966194736,CAR101,
3029,114,28.61689438840827,1779778045.0697346,77.20800726482794,CAR101,
3030,91,28.60551533279565,1779707538.0667255,77.20886171184594,CAR101,
3031,104,28.60694970592225,1779767786.4822145,77.19017031408205,CAR101,
3033,113,28.619831145003182,1779786818.4131062,77.20106909763675,CAR101,
3034,81,28.610158845965298,1779699378.0253508,77.2098965956218,CAR101,
3035,101,28.602963080150943,1779708515.2837188,77.19048339005712,CAR101,
3037,85,28.6023402008877,1779771798.524666,77.19508177721387,CAR101,
3039,86,28.603921569687046,1779699957.8426282,77.20255185595371,CAR101,
3042,99,28.61089651331534,1779702748.9379804,77.20287982427469,CAR101,
3043,99,28.607099561401327,1779713305.9794495,77.2011201205595,CAR101,
3044,96,28.61334873112093,1779700305.744722,77.20370225609012,CAR101,
3047,108,28.619266594832794,1779777977.0824623,77.20407903412077,CAR101,
3053,106,28.61451151842752,1779767648.5591145,77.20870637836815,CAR101,
3055,112,28.615620630948186,1779770411.6112094,77.19266284832287,CAR101,
3061,116,28.60386117616325,1779784529.963176,77.19597437646411,CAR101,
3063,82,28.6034557836777,1779786297.2551568,77.20378266149608,CAR101,
3066,97,28.61308089075072,1779703084.980683,77.20652795722002,CAR101,
3067,88,28.615939929104467,1779786850.2785041,77.20823001932328,CAR101,
3076,109,28.6089352955422,1779785078.24476,77.20468330404228,CAR101,
3080,93,28.619827103086184,1779771812.7516346,77.19097491879107,CAR101,
3081,118,28.6154650486343,1779703220.2212148,77.19974697041343,CAR101,
3082,117,28.60997051194025,1779778885.296468,77.19728653489868,CAR101,
3083,91,28.61857822471007,1779785574.6893096,77.19547356666641,CAR101,
3085,115,28.613432257052523,1779701468.8403563,77.20507152104678,CAR101,
3087,105,28.602768544982897,1779767935.1356313,77.19567026008745,CAR101,
3091,99,28.601082937385836,1779789810.8400433,77.19968507052695,CAR101,
3093,107,28.61875085058824,1779706264.731483,77.20162983199401,CAR101,
3096,106,28.605434952878163,1779702931.597446,77.19852212147359,CAR101,
3098,85,28.61280517261865,1779707196.9064646,77.20298112172722,CAR101,
3099,103,28.607336410459993,1779775683.1465044,77.19935044972851,CAR101,
3100,90,28.611051603852186,1779706623.9711607,77.19043157036856,CAR101,
3102,83,28.608620357498236,1779782205.8643343,77.20580690328904,CAR101,
3105,115,28.603946209616534,1779700334.6484723,77.19020082750117,CAR101,
3106,112,28.618334538316173,1779698122.7777555,77.19454719961331,CAR101,
3107,110,28.602968331157125,1779788254.952261,77.2058914043343,CAR101,
3108,84,28.609824211521854,1779786864.4790945,77.19851733797564,CAR101,
3109,87,28.606460346074083,1779702724.0854034,77.19810173533841,CAR101,
3112,98,28.605155559955517,1779784900.07711,77.19213454437218,CAR101,
3121,87,28.61935584886208,1779711364.6815052,77.20825849735861,CAR101,
3129,91,28.60169826016524,1779773806.237419,77.19427004039203,CAR101,
3132,102,28.618970749566678,1779711386.1098742,77.19753038278219,CAR101,
3133,92,28.610451153573063,1779787165.7737508,77.19580310093569,CAR101,
3134,91,28.613676456832245,1779699033.9168186,77.2069708743235,CAR101,
3136,111,28.601031682080485,1779774730.223494,77.19346682589095,CAR101,
3140,88,28.60578163498891,1779784586.4885876,77.19194086717589,CAR101,
3143,94,28.605596511035625,1779777994.7787275,77.20380935186324,CAR101,
3144,89,28.610950728400258,1779708710.2769554,77.20042323036226,CAR101,
3148,116,28.613543695607543,1779778640.238775,77.20139743383812,CAR101,
3152,94,28.605276420719793,1779702149.911882,77.19195980364707,CAR101,
3153,120,28.611594264914938,1779707122.2976587,77.1928521763563,CAR101,
3156,104,28.61213879793772,1779773820.4353652,77.20123859256309,CAR101,
3157,84,28.614874151580043,1779699513.4877925,77.20556024625562,CAR101,
3161,91,28.608200397712046,1779771848.8988588,77.19149889150145,CAR101,
3164,117,28.61189030661261,1779771325.5058093,77.19075817852065,CAR101,
3165,90,28.609412863130725,1779784604.233042,77.19026450557932,CAR101,
3169,114,28.61768993298309,1779785453.7269993,77.19859176984735,CAR101,
3170,112,28.6129170099383,1779698179.442289,77.19310235798766,CAR101,
3176,84,28.605410461078378,1779775879.6127145,77.20659970600079,CAR101,
3177,115,28.611208650458444,1779777738.974537,77.2031997959368,CAR101,
3178,101,28.61485953985812,1779713175.2162333,77.19716091491136,CAR101,
3181,86,28.609503247792578,1779713053.2513027,77.20414658383048,CAR101,
3183,115,28.60323500358014,1779710048.43619,77.19547331361015,CAR101,
3185,83,28.61978727187873,1779773404.2144637,77.19874346827748,CAR101,
3186,116,28.618314890749023,1779706158.4421506,77.19088065545236,CAR101,
3187,115,28.61165914988857,1779710073.1551561,77.19751341852123,CAR101,
3194,111,28.615918052610432,1779702596.0827007,77.201380896076,CAR101,
3195,99,28.61379001390935,1779770200.8194134,77.20769350344125,CAR101,
3198,96,28.605999518600665,1779774314.1983316,77.20140251832564,CAR101,
3200,103,28.602541591560616,1779777229.6006994,77.20487672118809,CAR101,
3203,108,28.605730414225416,1779710711.9301257,77.19087469006415,CAR101,
3204,119,28.609928852769226,1779701888.383803,77.19697227377463,CAR101,
3205,88,28.605127303362558,1779782440.8664982,77.19753396488433,CAR101,
3206,117,28.61596966270551,1779771087.1397724,77.20103323175495,CAR101,
3207,82,28.60721540353551,1779699470.652768,77.20171187120599,CAR101,
3213,106,28.604380722451037,1779778198.5861027,77.20725325227286,CAR101,
3214,107,28.601754018768474,1779706286.0106058,77.20916086944666,CAR101,
3215,106,28.605488460561077,1779785287.3851054,77.19143924754815,CAR101,
3216,93,28.614683086743046,1779788034.2159805,77.1959051151357,CAR101,
3222,86,28.617942295543436,1779774325.3187802,77.1967861019133,CAR101,
3230,81,28.60985048286638,1779711437.5037894,77.19513207236916,CAR101,
3232,101,28.611607678063113,1779779160.1391768,77.20527737604269,CAR101,
3233,117,28.611587529960154,1779693298.8385313,77.20605504643002,CAR101,
3236,109,28.619197054331615,1779702059.3566558,77.20223897403194,CAR101,
3238,94,28.61859906995183,1779773158.37945,77.19062059706116,CAR101,
3241,110,28.619765834626612,1779775718.6010544,77.19721430556515,CAR101,
3243,94,28.601819998240853,1779785297.978375,77.2050485609174,CAR101,
3247,99,28.61663357268225,1779707708.6320214,77.19389619593333,CAR101,
3252,92,28.605968657622874,1779773210.979072,77.20606966578424,CAR101,
3254,115,28.614390478421043,1779698813.564895,77.20768760959595,CAR101,
3255,87,28.608319327240068,1779702709.9126632,77.19065647661984,CAR101,
3258,108,28.604815035130493,1779701621.1809933,77.20829893801016,CAR101,
3259,112,28.61497490039426,1779711108.7169778,77.2038225657542,CAR101,
3260,84,28.60594120998423,1779697027.5959256,77.1974148888757,CAR101,
3265,82,28.606948500051725,1779700312.9207993,77.20897995008048,CAR101,
3267,97,28.604334544234057,1779699395.760658,77.20340497731755,CAR101,
3273,112,28.603554255972515,1779693205.6910625,77.20249379359642,CAR101,
3277,100,28.60036705928752,1779709952.8781917,77.20831237469542,CAR101,
3278,93,28.619546770903067,1779693708.5683298,77.19601700975171,CAR101,
3280,100,28.616301564597133,1779778839.2499275,77.198468420766,CAR101,
3282,103,28.605123650173212,1779702581.8965847,77.20611084151881,CAR101,
3286,106,28.609567654028893,1779703127.6061826,77.20202922402207,CAR101,
3288,93,28.603881306461147,1779702421.778123,77.20384896805307,CAR101,
3290,120,28.616594468430733,1779775104.268338,77.19345422754112,CAR101,
3292,120,28.606753610561807,1779776273.0459578,77.2063967724506,CAR101,
3293,82,28.613538076327828,1779699274.9742308,77.19886449945541,CAR101,
3295,117,28.61568018741039,1779786318.5281618,77.20760591262365,CAR101,
3298,90,28.6009656287202,1779700914.6299076,77.19558099714888,CAR101,
3301,89,28.61789471438445,1779701029.6573079,77.19139601760489,CAR101,
3305,82,28.60748766709361,1779700689.423897,77.20459622955781,CAR101,
3306,104,28.614584346261147,1779775137.0360646,77.20224446658573,CAR101,
3308,88,28.609707574181808,1779707616.1406012,77.19465419833946,CAR101,
3309,119,28.61812406813485,1779772231.5346906,77.19132277853521,CAR101,
3310,118,28.612370959192173,1779700288.0445375,77.20139841240892,CAR101,
3312,87,28.61986097567004,1779775211.8889227,77.20203492234016,CAR101,
3313,106,28.601930811216402,1779712980.9664161,77.20604945467856,CAR101,
3320,113,28.61820380449627,1779708085.7425783,77.20953103506791,CAR101,
3322,84,28.611554754840224,1779775485.3060462,77.1918756263594,CAR101,
3323,88,28.617975860991137,1779771452.620406,77.19455906663995,CAR101,
3325,98,28.609921050411824,1779710431.5270545,77.20165008557068,CAR101,
3327,117,28.605920350251683,1779703234.38275,77.19074295348145,CAR101,
3328,112,28.618160182367706,1779772263.9266276,77.20021573288044,CAR101,
3329,91,28.6024931443422,1779712667.3901255,77.19070375340887,CAR101,
3334,101,28.612186612209594,1779771794.924171,77.19113930700469,CAR101,
3342,100,28.6118316783516,1779788262.0140386,77.19906807900578,CAR101,
3344,104,28.604482669397594,1779711631.3252172,77.19816658604951,CAR101,
3347,88,28.606474169016696,1779709869.5940595,77.203790634262,CAR101,
3349,113,28.619128723353995,1779775983.4116068,77.20969935980126,CAR101,
3350,87,28.61962690535837,1779702617.3607402,77.19495053413631,CAR101,
3351,90,28.605541992001807,1779696749.1462731,77.20704316276625,CAR101,
3352,119,28.608454231981757,1779701543.3170264,77.20679203443139,CAR101,
3354,120,28.609834092071665,1779787470.8732207,77.19980528685383,CAR101,
3358,107,28.617701121187395,1779771881.464775,77.20806829799734,CAR101,
3359,119,28.61140376993307,1779708614.4885414,77.2040502220923,CAR101,
3361,97,28.600194988844223,1779782184.6159134,77.19412793074156,CAR101,
3362,108,28.600159981352895,1779771971.063511,77.19907369248902,CAR101,
3363,92,28.603801938646527,1779767676.8221579,77.20974432388401,CAR101,
3366,94,28.610597016655657,1779701553.9134395,77.20948092820434,CAR101,
3368,87,28.603936996276747,1779701490.0689473,77.19685256566389,CAR101,
3371,110,28.61752695872347,1779697142.5714304,77.20181817511174,CAR101,
3372,117,28.61813688635284,1779712516.8521125,77.20272127153811,CAR101,
3373,115,28.602357680325767,1779777861.4472125,77.20493667604006,CAR101,
3374,101,28.600022775616907,1779781808.2589118,77.1980149185455,CAR101,
3377,117,28.61502224803319,1779702171.1868265,77.19030504789761,CAR101,
3379,106,28.612808355569303,1779700614.8188295,77.19743203328018,CAR101,
3381,100,28.604441084105275,1779770917.488902,77.20925101427018,CAR101,
3383,115,28.60939434916417,1779696680.8291984,77.19548683354817,CAR101,
3384,111,28.610397454645266,1779700270.2072744,77.19379623301671,CAR101,
3387,116,28.60109240804641,1779770814.6379435,77.19844798967935,CAR101,
3388,109,28.608508928878635,1779693712.3395784,77.19245564044844,CAR101,
3390,95,28.601405708459044,1779782466.095584,77.20059403206695,CAR101,
3391,111,28.613322480062905,1779702949.3850844,77.20855596296082,CAR101,
3394,82,28.61316289880952,1779696816.6474903,77.19015282142593,CAR101,
3397,98,28.617216473041104,1779697278.9937334,77.19369308412989,CAR101,
3400,112,28.611045474460436,1779781776.3810768,77.20168890332855,CAR101,
3404,114,28.610905360922025,1779698500.7580771,77.20541114752314,CAR101,
3405,108,28.603544861639424,1779709428.1475565,77.20767067313628,CAR101,
3410,105,28.604719897309064,1779698200.6682568,77.19556310153368,CAR101,
3412,87,28.60199965929043,1779707062.032239,77.20839457601147,CAR101,
3413,97,28.61529244660795,1779781606.290108,77.19777919135058,CAR101,
3416,95,28.613811505669098,1779712828.9034111,77.20844733542197,CAR101,
3417,114,28.60873753832377,1779787665.894603,77.1976396818232,CAR101,
3421,106,28.60820723482206,1779711606.2641537,77.19930685921071,CAR101,
3423,117,28.607158678422866,1779771158.3138123,77.19190817969732,CAR101,
3425,116,28.605925881304614,1779776526.7995672,77.20642237056728,CAR101,
3426,96,28.61756634051057,1779702185.3757038,77.19645951333365,CAR101,
3429,103,28.603294808686336,1779699417.4419777,77.209601546355,CAR101,
3434,103,28.60661771570524,1779702174.74602,77.1972789631812,CAR101,
3435,82,28.60991256218006,1779700348.83947,77.19489411510706,CAR101,
3436,104,28.60059693200776,1779776265.949869,77.19364959536406,CAR101,
3439,96,28.600512883841446,1779701247.3051262,77.19672392926212,CAR101,
3441,93,28.605736668331698,1779701379.6838667,77.19757814207605,CAR101,
3442,95,28.60887058011906,1779778718.1447916,77.19883435299317,CAR101,
3445,89,28.601707570991408,1779698710.9813411,77.20066570994305,CAR101,
3449,106,28.607606287337063,1779712214.5209906,77.20488679108294,CAR101,
3451,90,28.612596159891456,1779779135.347935,77.20758687906714,CAR101,
3452,93,28.612499587904903,1779708465.6126838,77.20991641832998,CAR101,
3453,119,28.61454630572632,1779776065.447087,77.20663171639076,CAR101,
3457,115,28.61898288210096,1779775754.8759975,77.19629530781634,CAR101,
3459,81,28.600507256607667,1779707221.6884692,77.19274641283172,CAR101,
3461,101,28.613493538531603,1779696716.9025087,77.20066398439975,CAR101,
3462,81,28.609483201989118,1779767659.166685,77.19413114177442,CAR101,
3469,96,28.60111967983502,1779702542.8603084,77.19967589808181,CAR101,
3470,98,28.61395604937252,1779713219.7527106,77.20668028928738,CAR101,
3474,114,28.613438644935744,1779773535.9435954,77.19269420969471,CAR101,
3475,90,28.618885722342238,1779708131.7636058,77.19849823016492,CAR101,
3483,106,28.61827004110673,1779712156.5615315,77.20814971498797,CAR101,
3484,106,28.616899846159164,1779699342.3442175,77.20982106294284,CAR101,
3485,84,28.604893934260236,1779779239.0169995,77.20900296181856,CAR101,
3489,97,28.615982481867835,1779703152.7774885,77.20234490033903,CAR101,
3490,109,28.619334465710626,1779710403.1926963,77.19055830650618,CAR101,
3504,94,28.613970829023984,1779770654.3203,77.19351132333321,CAR101,
3509,95,28.618394275743185,1779706314.515778,77.2059341604011,CAR101,
3511,96,28.60331180600494,1779698551.1826875,77.19725259232747,CAR101,
3515,83,28.61823883958889,1779712739.1693046,77.19463743828467,CAR101,
3518,101,28.6046458926088,1779775815.786591,77.20173210220723,CAR101,
3522,92,28.61096503206081,1779767627.3384712,77.2045029483723,CAR101,
3523,107,28.604669576724937,1779786364.5366964,77.2018343431806,CAR101,
3524,114,28.61264022790039,1779777052.3956385,77.20177659412434,CAR101,
3526,117,28.60487047498576,1779697922.7675667,77.20596485609352,CAR101,
3531,82,28.61519782457628,1779778041.4966006,77.20835319084723,CAR101,
3534,119,28.617733050621712,1779711764.5762455,77.20767064997169,CAR101,
3535,111,28.603231775000904,1779776068.9802449,77.20747648958339,CAR101,
3538,82,28.605125518025336,1779697625.510401,77.19209701280192,CAR101,
3542,119,28.603944134617652,1779782404.8885865,77.20417802026725,CAR101,
3543,102,28.613000281655857,1779775340.7887225,77.19345286167193,CAR101,
3544,120,28.6026191450009,1779786889.2752087,77.19717816901853,CAR101,
3545,94,28.60814467772229,1779778358.3577724,77.20748211266923,CAR101,
3547,114,28.614749726134722,1779774900.7839928,77.19972073096204,CAR101,
3548,97,28.609643062791214,1779702970.7191894,77.19328789705129,CAR101,
3549,103,28.619203075125412,1779787144.501703,77.19601321098298,CAR101,
3550,119,28.611445004746983,1779789908.498151,77.19968548501079,CAR101,
3551,90,28.609615180248234,1779702118.0427434,77.2038460380819,CAR101,
3552,115,28.61326759536676,1779767701.6228669,77.2095571129746,CAR101,
3554,91,28.613493269891734,1779784877.344081,77.20036458817975,CAR101,
3555,81,28.60611859525493,1779711433.9148643,77.19776000562959,CAR101,
3556,101,28.60583106083279,1779777144.4916449,77.1942198191419,CAR101,
3558,89,28.618304358257287,1779774840.620768,77.19020392336158,CAR101,
3560,88,28.6012014102628,1779787722.5553958,77.2051158647614,CAR101,
3561,101,28.610333329627267,1779785815.7823756,77.2015731765935,CAR101,
3562,84,28.61210650791164,1779784526.3943534,77.20441829080026,CAR101,
3564,86,28.606006420084462,1779710473.945037,77.19188144285947,CAR101,
3567,100,28.60631423142863,1779787697.7807777,77.20165304076885,CAR101,
3571,84,28.614149052161967,1779771596.2848597,77.19749116192723,CAR101,
3573,104,28.603614125265757,1779771560.3417933,77.20820963975771,CAR101,
3576,92,28.607700810579114,1779770568.4606924,77.20857863818597,CAR101,
3580,86,28.61682020953762,1779711957.059216,77.20197588017115,CAR101,
3582,120,28.603598179447093,1779712710.4988852,77.19272224031937,CAR101,
3584,116,28.60074025982515,1779697865.8346913,77.20295812711298,CAR101,
3585,110,28.611048283565808,1779699207.8127692,77.19436320623048,CAR101,
3588,97,28.61945622869182,1779771406.1058838,77.19150179625524,CAR101,
3589,111,28.619411309929955,1779777810.9296155,77.20781058889973,CAR101,
3590,106,28.60335893200353,1779785879.5897672,77.19040350629506,CAR101,
3591,90,28.611380300619594,1779702945.8353016,77.20091320937348,CAR101,
3598,87,28.604938184747294,1779784558.2103558,77.20341847187045,CAR101,
3599,91,28.61124389780973,1779787584.3771603,77.19087486186397,CAR101,
3600,85,28.61958580468502,1779706638.1172817,77.20689061861265,CAR101,
3603,109,28.61098296934624,1779787073.7971382,77.19124242902645,CAR101,
3609,88,28.617635112964575,1779712549.3530114,77.1906585197316,CAR101,
3612,95,28.61241743734153,1779786566.7564206,77.20784281907002,CAR101,
3616,98,28.61631317638392,1779774715.9709706,77.20612441879518,CAR101,
3618,118,28.60046828105959,1779710896.3508961,77.20779395931935,CAR101,
3619,113,28.60618450736162,1779778920.8677232,77.20035154042684,CAR101,
3620,92,28.613498856365773,1779784903.6231918,77.19110696352244,CAR101,
3622,100,28.61690070248401,1779787254.3531933,77.19452116088728,CAR101,
3624,118,28.616207792228312,1779712901.5035787,77.1957794219137,CAR101,
3627,91,28.60405520879409,1779770337.2635672,77.19284571405274,CAR101,
3628,106,28.609927367399006,1779712036.4465446,77.19767221557052,CAR101,
3637,96,28.60079105584428,1779710254.4371545,77.20907299013933,CAR101,
3638,84,28.609711934934754,1779701550.3620872,77.1970716195194,CAR101,
3640,93,28.614556491094326,1779710179.7234306,77.20036143973454,CAR101,
3645,115,28.612642167830522,1779782131.363956,77.20631628262498,CAR101,
3648,120,28.61644138060382,1779775808.2043657,77.20101562882692,CAR101,
3649,89,28.609681168586068,1779791457.4561682,77.19456916129965,CAR101,
3650,83,28.6109065561721,1779786120.258734,77.19868816279258,CAR101,
3651,117,28.60589406198365,1779778412.3573034,77.1917076840516,CAR101,
3652,92,28.614529437912672,1779710279.3803036,77.20328833879563,CAR101,
3653,89,28.60592475180546,1779773657.895045,77.19935554779728,CAR101,
3656,117,28.601004225341807,1779711530.8767848,77.20014493175498,CAR101,
3657,86,28.602435793553845,1779774822.909097,77.19828355161027,CAR101,
3658,94,28.607377859029317,1779705981.2714894,77.19569497591064,CAR101,
3663,96,28.607255206591915,1779701824.219989,77.19513735858696,CAR101,
3670,120,28.60831273905809,1779775847.7176154,77.20497189716785,CAR101,
3673,114,28.618241628606828,1779772057.4888215,77.20864955964907,CAR101,
3675,101,28.61847671488313,1779774637.2207046,77.19944862293616,CAR101,
3677,106,28.612087633140675,1779703166.9550695,77.19344907390312,CAR101,
3678,94,28.61277683381696,1779711667.0918944,77.20735754820817,CAR101,
3681,108,28.607768242682017,1779775819.3547912,77.20239070278828,CAR101,
3682,109,28.613361993282798,1779706873.010627,77.20142499637168,CAR101,
3683,97,28.602568444580456,1779712746.3424075,77.1917545420167,CAR101,
3685,107,28.607713075009567,1779708117.5864227,77.20193890108118,CAR101,
3686,114,28.614720285269886,1779767843.0326269,77.20075422019613,CAR101,
3688,111,28.600346332753993,1779698540.511274,77.19949189458153,CAR101,
3695,108,28.60145815737167,1779787963.4950972,77.20036576185733,CAR101,
3697,113,28.605133755422848,1779693064.70241,77.19159541261483,CAR101,
3705,119,28.61823984943543,1779712167.3120933,77.2057393052922,CAR101,
3706,117,28.6038213612395,1779777236.6984875,77.19800872589737,CAR101,
3707,114,28.60345824789453,1779770358.5041738,77.20062671058504,CAR101,
3711,118,28.61237282450356,1779699685.114305,77.20757195838212,CAR101,
3713,117,28.61747983228828,1779786892.8192248,77.20105050078706,CAR101,
3714,115,28.618371981023966,1779697568.8175929,77.1950738542205,CAR101,
3722,104,28.607834992110178,1779707417.3349924,77.19840182546281,CAR101,
3723,104,28.615510154081623,1779706360.5390306,77.20191312537337,CAR101,
3724,115,28.60573017627945,1779698916.9641232,77.19606246108293,CAR101,
3728,119,28.616832706064827,1779698970.0922117,77.19861683212596,CAR101,
3729,102,28.608430354809485,1779778062.7759204,77.2057192804721,CAR101,
3732,105,28.601880842470067,1779711642.0594943,77.20801943167375,CAR101,
3733,81,28.615816075315543,1779711796.9330537,77.19869309915879,CAR101,
3740,82,28.610457066400098,1779707253.6062899,77.19497252514809,CAR101,
3741,113,28.611903026989857,1779776501.5168614,77.19454327313147,CAR101,
3742,87,28.607722684912112,1779785620.7078662,77.20972333509404,CAR101,
3743,115,28.601052746344862,1779711368.225819,77.19499003305746,CAR101,
3744,85,28.614574637609163,1779785999.8473678,77.20925674626868,CAR101,
3745,87,28.619571075304602,1779697544.00639,77.20695456283158,CAR101,
3748,114,28.605248236518243,1779696550.933284,77.20985407484763,CAR101,
3750,93,28.60498699703976,1779787587.9215796,77.19183282404636,CAR101,
3751,84,28.611446828387468,1779707147.165816,77.20000353310596,CAR101,
3756,104,28.60401841362641,1779774586.273315,77.20662869125093,CAR101,
3761,91,28.61704380732502,1779784749.845397,77.2083652734076,CAR101,
3762,105,28.613395869453356,1779785404.203961,77.2049103518357,CAR101,
3764,103,28.608219774337833,1779712185.2268665,77.19294206865196,CAR101,
3767,120,28.619430208808538,1779708007.6404207,77.19590443431548,CAR101,
3769,84,28.604781184008427,1779707445.8050454,77.19268290707753,CAR101,
3771,115,28.61284671445999,1779778326.4565618,77.20543257528246,CAR101,
3772,87,28.605965477977115,1779778404.804331,77.19485630270144,CAR101,
3773,90,28.61433902540088,1779708320.2266228,77.20724713504202,CAR101,
3774,98,28.6133061722097,1779693050.0393863,77.20815897712997,CAR101,
3775,119,28.61966338806128,1779709272.2920287,77.19107289099722,CAR101,
3777,95,28.60204953650934,1779787481.4938886,77.19348995391145,CAR101,
3779,86,28.606149690314815,1779785734.4988954,77.20062866464748,CAR101,
3780,84,28.606105664479486,1779770850.104525,77.2097234659201,CAR101,
3781,99,28.60957448857912,1779706041.5454304,77.20808123906384,CAR101,
3783,102,28.609946275466754,1779778422.9557083,77.1937596274527,CAR101,
3784,117,28.60681991612986,1779767519.829291,77.19824061030113,CAR101,
3786,95,28.61389711176308,1779696937.8749492,77.20942487899198,CAR101,
3791,99,28.600553898028085,1779774726.6908221,77.20220590288254,CAR101,
3793,87,28.612798446158436,1779771147.663428,77.20701899241043,CAR101,
3795,100,28.610675485578934,1779703134.6936612,77.20143623017027,CAR101,
3796,116,28.61813419714644,1779708518.8228,77.19445914982555,CAR101,
3799,102,28.61933698901434,1779698924.00105,77.1935789183311,CAR101,
3802,93,28.614171971554125,1779712290.4233298,77.20070142745051,CAR101,
3804,88,28.616521163501538,1779770744.423959,77.19103182288079,CAR101,
3805,94,28.61189329362628,1779697629.0680213,77.19212774450337,CAR101,
3806,106,28.61349173221897,1779767264.1024458,77.20816595529314,CAR101,
3807,84,28.61916647578825,1779701454.6489444,77.20663465341492,CAR101,
3811,104,28.610644979246906,1779785791.054625,77.194297643615,CAR101,
3819,106,28.601237284283297,1779778180.876069,77.2096756900182,CAR101,
3820,116,28.616441749418215,1779776397.4782255,77.19558143870054,CAR101,
3824,116,28.619785878986846,1779767310.4924805,77.20051564989652,CAR101,
3825,98,28.60476803668395,1779771556.7587836,77.19434579748895,CAR101,
3829,94,28.60385482238047,1779778284.0289495,77.19172430710171,CAR101,
3831,85,28.606919318859056,1779786368.0869093,77.19831890616389,CAR101,
3832,100,28.613146129837084,1779767257.0323038,77.1980555612493,CAR101,
3833,112,28.607589836123378,1779778076.9426353,77.20948626697071,CAR101,
3834,104,28.60285909765569,1779781670.134445,77.20478238123827,CAR101,
3837,92,28.606747241669073,1779697293.6821043,77.19453689236381,CAR101,
3839,90,28.603024447586947,1779707733.4582586,77.1969333288667,CAR101,
3841,106,28.601050577697222,1779706698.468451,77.20833549104941,CAR101,
3844,81,28.602240121791244,1779774640.77826,77.20206143680058,CAR101,
3845,117,28.607125040491788,1779711584.7662818,77.19375687786247,CAR101,
3850,100,28.6138361691792,1779777326.4025867,77.20866377439997,CAR101,
3852,110,28.601957979280222,1779771509.9386263,77.20167764658905,CAR101,
3855,82,28.606851969346042,1779785946.799158,77.20369885771814,CAR101,
3856,103,28.606660956001576,1779706254.1476898,77.19179430923758,CAR101,
3857,85,28.61992567136086,1779786619.8490689,77.19277741029724,CAR101,
3859,100,28.602207361007036,1779774115.7891226,77.19273063763357,CAR101,
3860,87,28.606685026990913,1779777462.3379414,77.2027175318863,CAR101,
3863,110,28.61279445748373,1779771784.181955,77.200420985618,CAR101,
3873,104,28.613076538424327,1779770740.8875163,77.20114774864219,CAR101,
3875,83,28.611374537539735,1779703388.263371,77.20907396427711,CAR101,
3877,92,28.612448307981794,1779767814.740767,77.20591916059156,CAR101,
3880,97,28.60713792813046,1779697290.1239212,77.20654014631762,CAR101,
3887,82,28.606128822519963,1779702788.5181193,77.2051435752951,CAR101,
3891,111,28.610993684286342,1779693766.7448018,77.20624712741893,CAR101,
3893,104,28.619848114757847,1779778205.653127,77.20110981332289,CAR101,
3894,84,28.61867617451792,1779767207.4366748,77.1974233606235,CAR101,
3903,103,28.614338248980232,1779786563.2352717,77.19653126048183,CAR101,
3904,96,28.611799379405554,1779789929.73034,77.20858912774233,CAR101,
3908,93,28.60838947029733,1779777742.506356,77.20320599344484,CAR101,
3909,83,28.60640641179951,1779789901.4097977,77.19653750102677,CAR101,
3910,113,28.606695558952016,1779711258.5029292,77.20771875214191,CAR101,
3917,89,28.61889555129474,1779710800.5992577,77.19578897429253,CAR101,
3918,108,28.613985666419513,1779703276.9135907,77.2099816027672,CAR101,
3919,82,28.6008192851972,1779787105.649397,77.19511556853523,CAR101,
3922,101,28.61139800606763,1779700710.7758365,77.19571102284914,CAR101,
3927,92,28.609149259639057,1779706498.9179013,77.20131940024686,CAR101,
3930,89,28.611065174535778,1779706905.23419,77.20706288737186,CAR101,
3934,101,28.606832441120996,1779712022.0074377,77.1991117579058,CAR101,
3937,102,28.61940906760034,1779771473.9845505,77.19019361385922,CAR101,
3941,117,28.60382729871293,1779786974.2288778,77.20750130306536,CAR101,
3942,117,28.604755695160485,1779707762.2466662,77.19332452649957,CAR101,
3944,91,28.614441406614777,1779701895.4773812,77.20487507829621,CAR101,
3947,107,28.607009713869388,1779767857.1695778,77.19502366760888,CAR101,
3949,92,28.603795800273858,1779787233.1247838,77.19626789629301,CAR101,
3950,89,28.601578701006307,1779707318.1587336,77.19418227070373,CAR101,
3951,105,28.608045687203738,1779699849.746602,77.19578703197385,CAR101,
3958,103,28.612319921159024,1779701799.3935978,77.19823085710536,CAR101,
3959,113,28.605665098543966,1779703092.063132,77.19940510289895,CAR101,
3962,106,28.61777391476121,1779772043.050129,77.19938589267838,CAR101,
3966,109,28.619610396736423,1779776029.5104134,77.20274850959983,CAR101,
3967,109,28.607710777190647,1779773867.0938022,77.1905453713611,CAR101,
3970,100,28.603295426377624,1779775243.7604637,77.20205969999502,CAR101,
3972,87,28.611349837483548,1779711494.9508862,77.20823456460809,CAR101,
3973,98,28.60527045651114,1779779328.438739,77.20820902105395,CAR101,
3977,88,28.613031351348187,1779699878.569321,77.19318654057695,CAR101,
3979,110,28.60477443880094,1779693142.7047255,77.20721424503375,CAR101,
3981,113,28.61985201213666,1779700234.7222028,77.206691953907,CAR101,
3986,82,28.607988256248294,1779767620.2541678,77.20056168412749,CAR101,
3991,120,28.608386499436293,1779778383.594243,77.1999327886868,CAR101,
3995,90,28.604907834314044,1779773346.8625402,77.20690494422254,CAR101,
4002,88,28.610705564746336,1779710899.8908622,77.2004788713584,CAR101,
4003,112,28.614126306599495,1779707830.002131,77.19315685818664,CAR101,
4005,82,28.612545542383934,1779787339.3118126,77.19291065549461,CAR101,
4008,104,28.614960120368654,1779700921.7221293,77.1943190085694,CAR101,
4012,101,28.600314855217157,1779699246.8481016,77.20378140593951,CAR101,
4015,95,28.60057522687327,1779708046.6201766,77.19978800237853,CAR101,
4017,115,28.617763520256098,1779707371.2784276,77.20561467905533,CAR101,
4020,113,28.61644520105787,1779711272.684441,77.19482450767039,CAR101,
4021,103,28.602639299405528,1779707811.956583,77.20533093710388,CAR101,
4023,92,28.606711141775218,1779784582.9434774,77.19671884072939,CAR101,
4025,85,28.617456428797386,1779770387.1543705,77.2080507794775,CAR101,
4031,113,28.614498565756413,1779702213.7277765,77.2034749330891,CAR101,
4033,81,28.611853395469705,1779701276.1559052,77.19815237753937,CAR101,
4035,92,28.60647252639898,1779709921.0682676,77.20730104974128,CAR101,
4041,119,28.6171616086797,1779782333.903141,77.20458873589813,CAR101,
4048,108,28.613991210974316,1779711332.7582123,77.20666766180702,CAR101,
4049,112,28.60390830237573,1779782227.126496,77.19936423868239,CAR101,
4051,96,28.616407032142767,1779706467.0191054,77.1995474136756,CAR101,
4052,97,28.61042694190153,1779698647.3119657,77.20049075636265,CAR101,
4054,116,28.617543624033058,1779774744.5529685,77.19246348993408,CAR101,
4057,94,28.605036817636996,1779785223.6514254,77.19487930546346,CAR101,
4062,97,28.60661610191744,1779711491.412182,77.20513438775441,CAR101,
4063,119,28.609740519314016,1779767910.3013241,77.20095467305228,CAR101,
4064,81,28.610448580138396,1779776966.7447186,77.19470677648829,CAR101,
4069,89,28.604547096595507,1779701959.5862029,77.19532028012588,CAR101,
4071,94,28.608312722157518,1779701795.8228202,77.20526915136453,CAR101,
4074,120,28.60948083207749,1779707505.9886274,77.20472127209783,CAR101,
4075,111,28.617867232389205,1779700818.589689,77.19225804141016,CAR101,
4077,90,28.61086634041804,1779711346.861762,77.20139558729728,CAR101,
4079,88,28.61907659596287,1779698289.9462588,77.1956814992048,CAR101,
4083,103,28.60265822907607,1779712542.1810956,77.20658819834082,CAR101,
4084,84,28.603672512743703,1779781585.0142062,77.19647796145216,CAR101,
4087,113,28.60620653997087,1779785152.605696,77.20060209654824,CAR101,
4089,91,28.602993116564637,1779787967.027041,77.19644729051406,CAR101,
4091,110,28.60503873842043,1779710601.2048142,77.20121617560315,CAR101,
4097,105,28.606952587514048,1779696859.8899853,77.20895085270304,CAR101,
4099,115,28.610821597739815,1779696561.6461344,77.20237678311425,CAR101,
4100,112,28.608257609940946,1779703081.4363062,77.20898374094982,CAR101,
4101,108,28.613747556182815,1779785936.2248783,77.20925217772661,CAR101,
4102,112,28.614996789038894,1779787757.99199,77.2007996934941,CAR101,
4103,104,28.61730101411287,1779787800.484872,77.20336666026841,CAR101,
4104,98,28.615334454855315,1779773661.4183946,77.19309018371689,CAR101,
4105,116,28.608232438236122,1779776061.8783042,77.20226132258523,CAR101,
4108,81,28.60509016654227,1779707591.3246827,77.19498646620302,CAR101,
4109,111,28.611608560831517,1779703227.3119774,77.20018551166017,CAR101,
4111,90,28.6005386722151,1779698137.0336995,77.19777284736409,CAR101,
4113,98,28.60137738235082,1779775893.7662005,77.19176599221774,CAR101,
4114,114,28.6023363974679,1779699112.023059,77.20354687058895,CAR101,
4115,85,28.609948667112796,1779710101.9434443,77.19971737527352,CAR101,
4117,119,28.603362725884164,1779693631.610962,77.2074298017895,CAR101,
4123,102,28.613934574394563,1779771373.2060173,77.20242927184478,CAR101,
4125,108,28.613722758262995,1779788187.6444223,77.20832467165225,CAR101,
4129,106,28.602241102696013,1779774983.1807,77.20638240050816,CAR101,
4131,92,28.603799422781908,1779697041.7593744,77.20355864736648,CAR101,
4132,109,28.606673500674937,1779787010.0358074,77.1994736057088,CAR101,
4133,88,28.606863440719934,1779779014.7080245,77.19719739082548,CAR101,
4136,94,28.618417210770353,1779773339.7560506,77.20210586824231,CAR101,
4137,107,28.613819875208172,1779692961.2920878,77.19683071685763,CAR101,
4138,84,28.608642615110256,1779785982.1716738,77.19018155821904,CAR101,
4141,97,28.60464278998884,1779702781.394453,77.19830651531912,CAR101,
4142,100,28.618109636591434,1779773183.511716,77.20906945680338,CAR101,
4143,110,28.615222000857383,1779787885.654305,77.19330655253927,CAR101,
4144,102,28.609142414937693,1779777580.495856,77.20284059217305,CAR101,
4146,97,28.60049077173986,1779787389.0132844,77.20941118273832,CAR101,
4150,118,28.61470268430194,1779697724.8083081,77.20308039656582,CAR101,
4151,95,28.612673215998186,1779776781.3859394,77.19911502465735,CAR101,
4152,112,28.603564647824438,1779787580.8395174,77.19314924817246,CAR101,
4154,106,28.619043693047775,1779787392.5655754,77.19136982147792,CAR101,
4155,100,28.60514425746308,1779781992.6611683,77.19535336955552,CAR101,
4156,108,28.60314197866256,1779784809.967044,77.19832259345931,CAR101,
4157,108,28.60576489627825,1779767913.8200788,77.19370230722278,CAR101,
4159,116,28.612170220479257,1779770944.7852826,77.19997528616113,CAR101,
4160,103,28.60464921771415,1779775844.1763763,77.19613071511766,CAR101,
4164,97,28.605379224109754,1779701393.8807106,77.2088359022028,CAR101,
4166,83,28.602442694633254,1779698849.0323918,77.20228028988738,CAR101,
4168,95,28.610971796801977,1779787903.3531306,77.20425616639828,CAR101,
4169,108,28.60741243145303,1779707325.2429504,77.20639182490775,CAR101,
4172,91,28.603657776558006,1779775204.8130388,77.20574115029375,CAR101,
4175,119,28.6034263003522,1779775187.1179435,77.19256550312107,CAR101,
4177,114,28.61462260733314,1779697492.5912178,77.19917669959081,CAR101,
4178,96,28.607225953392085,1779781723.2390077,77.19492916264029,CAR101,
4179,83,28.606713332663293,1779772271.0933099,77.20517039272085,CAR101,
4180,96,28.608933536741425,1779706755.1929371,77.20510462196505,CAR101,
4182,87,28.6144954761894,1779702082.6088972,77.2062474490941,CAR101,
4183,102,28.606411700492735,1779692989.6088083,77.19987786527993,CAR101,
4185,88,28.6164899445674,1779781677.201131,77.19124878732612,CAR101,
4187,115,28.603900173212317,1779774686.9443479,77.20671279066607,CAR101,
4188,90,28.61801515069709,1779713081.9240558,77.19194782518812,CAR101,
4189,91,28.614483779047625,1779784972.1837525,77.20862650102511,CAR101,
4190,100,28.609861149185654,1779700646.6532753,77.19096509656349,CAR101,
4193,120,28.604335960789637,1779701229.4965901,77.20681710498164,CAR101,
4194,119,28.614897613731927,1779776328.2974813,77.1964721460502,CAR101,
4197,110,28.60556386647881,1779706876.5533504,77.20963883891896,CAR101,
4200,87,28.612143221959126,1779712593.4891825,77.20687474696707,CAR101,
4201,88,28.600065044115293,1779706847.6989186,77.19833448193913,CAR101,
4204,99,28.60879998670853,1779779021.7937863,77.19997828350277,CAR101,
4206,108,28.608136918442177,1779698824.148289,77.20312022736677,CAR101,
4207,115,28.614436149669057,1779777584.0213683,77.19267877110498,CAR101,
4208,82,28.61155166953798,1779712188.7690377,77.20027805811064,CAR101,
4209,95,28.60593664195279,1779788027.1399913,77.20338540510629,CAR101,
4214,89,28.60191262920024,1779708405.2888606,77.19936071118815,CAR101,
4216,113,28.60774339368349,1779708479.8059938,77.20290641446938,CAR101,
4217,119,28.614446840932562,1779785978.6363947,77.20889633341041,CAR101,
4218,88,28.613589770302543,1779701788.7043164,77.20811014735412,CAR101,
4222,117,28.613295340589076,1779702917.3262136,77.19385066101458,CAR101,
4225,110,28.603991689256468,1779701504.2662487,77.196461881178,CAR101,
4229,97,28.615189255798175,1779701603.495317,77.19148416427286,CAR101,
4231,94,28.616039099185212,1779777907.5464907,77.19396262416312,CAR101,
4233,108,28.605655581178766,1779706865.9306862,77.19737300683883,CAR101,
4238,119,28.60748400531989,1779697421.7244854,77.19037006880718,CAR101,
4240,115,28.617845118726706,1779713201.1044192,77.19389324260199,CAR101,
4241,112,28.608605972794678,1779699406.8027055,77.19650000435759,CAR101,
4247,116,28.60913678016595,1779777276.8776753,77.1980498811549,CAR101,
4248,93,28.614347985621073,1779779167.7674313,77.1966121080432,CAR101,
4250,83,28.6009996468863,1779701749.4288435,77.1907087812196,CAR101,
4251,105,28.600404076899927,1779713374.6240156,77.19964265513572,CAR101,
4252,118,28.608752367879674,1779708260.0319657,77.1983929263096,CAR101,
4254,87,28.612626052275594,1779774518.367561,77.1946860729704,CAR101,
4256,90,28.619493661876625,1779701663.692025,77.20295646954003,CAR101,
4258,83,28.61631587269666,1779770394.233661,77.20789962445495,CAR101,
4260,104,28.60559779652171,1779693746.5208776,77.20849559171116,CAR101,
4262,100,28.607801288001696,1779707690.9603133,77.20762404037893,CAR101,
4265,81,28.604115792989187,1779696604.1865163,77.19805291887812,CAR101,
4267,116,28.605549567759823,1779701058.0481954,77.19683374965358,CAR101,
4272,104,28.61670970004879,1779774241.2038755,77.20034230496839,CAR101,
4274,93,28.611043921343448,1779773425.49918,77.20550335128816,CAR101,
4275,104,28.610677436219113,1779787499.148007,77.19625419102087,CAR101,
4279,102,28.60076753862107,1779786205.237497,77.20237574682453,CAR101,
4280,115,28.611793281791687,1779788152.194717,77.20973239404718,CAR101,
4285,110,28.608181010515064,1779770948.3352115,77.19978288191673,CAR101,
4291,88,28.611641183509565,1779785174.0791156,77.1915945014499,CAR101,
4293,117,28.604810787251086,1779774400.7244213,77.20539188156823,CAR101,
4294,106,28.612533530557453,1779700682.3358257,77.20322237586763,CAR101,
4297,100,28.61016816279696,1779696927.2877102,77.19669818515622,CAR101,
4301,115,28.615698149652147,1779775643.7077494,77.19604291819722,CAR101,
4306,87,28.60203881506899,1779701269.0685434,77.19333496639867,CAR101,
4307,81,28.604453381851684,1779776299.4578576,77.19410024142145,CAR101,
4310,83,28.604678275807622,1779787704.8459847,77.19949605259603,CAR101,
4312,99,28.603669588019788,1779777893.430921,77.20910780599141,CAR101,
4316,106,28.606928508194148,1779767740.5430984,77.20256880244872,CAR101,
4320,99,28.609547244311067,1779782216.5169606,77.20378424928508,CAR101,
4321,100,28.60210146886389,1779699867.4654346,77.19207478320779,CAR101,
4325,91,28.60267847118172,1779778714.606348,77.19174209408732,CAR101,
4328,94,28.61199215004793,1779785950.3469098,77.19009306657719,CAR101,
4332,118,28.61820858361031,1779778633.0107675,77.19023845369142,CAR101,
4333,101,28.602572012592198,1779777566.1767714,77.20276130474028,CAR101,
4334,92,28.60811346595536,1779709217.9760818,77.19183931145217,CAR101,
4336,94,28.602437161641912,1779697099.2504637,77.20032368513156,CAR101,
4338,94,28.610777727924155,1779707794.1884277,77.19625194135254,CAR101,
4339,104,28.611512394249726,1779784785.2666616,77.20892978693807,CAR101,
4340,89,28.612425443314276,1779776494.4448233,77.19426274479095,CAR101,
4341,114,28.60912650450228,1779771481.187533,77.20414300658788,CAR101,
4342,103,28.611694436240743,1779702443.0730774,77.20544811494426,CAR101,
4343,103,28.61938414798918,1779710505.703304,77.20026523055735,CAR101,
4344,89,28.609532527054526,1779712865.3940463,77.20938684489992,CAR101,
4347,109,28.610258654131822,1779779039.472665,77.20047209817471,CAR101,
4349,100,28.610135517306123,1779701019.0201967,77.20469356267179,CAR101,
4351,99,28.614625856421938,1779776810.4079826,77.20688976865019,CAR101,
4352,83,28.615076038185105,1779776594.2384493,77.20040095454237,CAR101,
4353,101,28.61091874699655,1779707108.1173174,77.19647048506204,CAR101,
4357,86,28.611011514634946,1779785220.1189754,77.20983897968296,CAR101,
4358,106,28.604827873517834,1779787243.7316847,77.20615247594856,CAR101,
4359,109,28.61826303134344,1779696969.8204877,77.20238258005321,CAR101,
4360,105,28.614371858383585,1779709304.2002218,77.19624656114055,CAR101,
4362,113,28.618464819548137,1779773414.860649,77.20376926325669,CAR101,
4363,118,28.604804382666302,1779711175.9749293,77.20820654991323,CAR101,
4364,103,28.6135599371155,1779778458.9168744,77.20689738478026,CAR101,
4365,116,28.613032218628504,1779698182.975254,77.2092129784732,CAR101,
4366,100,28.610313941809395,1779707640.964288,77.20917187195315,CAR101,
4367,98,28.609210169789993,1779775747.5051146,77.19669155611982,CAR101,
4368,115,28.60557645912921,1779699484.8036554,77.20301058760543,CAR101,
4369,96,28.615197489476255,1779701015.4941921,77.20126000514217,CAR101,
4370,96,28.608638342599047,1779767733.4730735,77.20695803822379,CAR101,
4373,88,28.6068004964594,1779767274.7936778,77.20737822797562,CAR101,
4376,104,28.614012376134063,1779775979.8081603,77.19939900443961,CAR101,
4377,101,28.607463828468585,1779778832.1814387,77.19402074547422,CAR101,
4379,90,28.6176229878824,1779697869.3767648,77.20874894474653,CAR101,
4380,120,28.617171877087042,1779712778.7272313,77.2036798895561,CAR101,
4381,99,28.605239876833455,1779710850.3667789,77.19737893550538,CAR101,
4382,102,28.603536823094455,1779775539.9191978,77.19637774955515,CAR101,
4383,107,28.612915602948124,1779767818.2896256,77.20274945178451,CAR101,
4386,112,28.616046383873684,1779698526.306807,77.20505542912628,CAR101,
4387,91,28.60204858740496,1779698258.0395017,77.20517438234378,CAR101,
4391,110,28.60217194845526,1779776941.9193661,77.20467247247922,CAR101,
4392,98,28.61637601033813,1779708028.912043,77.20549534652525,CAR101,
4394,86,28.618439141784755,1779784657.373114,77.20481228172015,CAR101,
4395,112,28.605115246604004,1779773902.6062691,77.19762631565685,CAR101,
4396,104,28.606261011033887,1779706179.7361853,77.20798700135774,CAR101,
4398,118,28.616769812759166,1779778561.6894248,77.19410475949604,CAR101,
4402,101,28.608476199628477,1779789919.1234572,77.20553394595886,CAR101,
4406,109,28.613294210052658,1779709874.996686,77.20605287403505,CAR101,
4412,117,28.60550397940034,1779697062.9389927,77.19646568217615,CAR101,
4413,101,28.601901630643738,1779777294.567166,77.19285326568617,CAR101,
4414,89,28.61737996600239,1779785578.2209003,77.19649335518855,CAR101,
4419,102,28.6105744809635,1779770650.7322357,77.20208312051622,CAR101,
4421,120,28.60347282891292,1779703042.4269953,77.20596759213859,CAR101,
4422,116,28.605614640563772,1779775900.8586435,77.20843520913053,CAR101,
4423,85,28.601685380658633,1779702235.4693346,77.20913592909095,CAR101,
4424,93,28.608324157235543,1779712011.2515514,77.20437905745916,CAR101,
4426,97,28.61112357748386,1779700352.366011,77.20080951666351,CAR101,
4428,109,28.603614375144755,1779781900.3819685,77.19166127458836,CAR101,
4432,92,28.619119981800733,1779708050.1771038,77.20556668834648,CAR101,
4434,117,28.612212993687873,1779785273.2139037,77.19715181443911,CAR101,
4435,112,28.615658652259025,1779785379.408394,77.20980851805419,CAR101,
4442,98,28.603984880867404,1779778144.7027934,77.20577087875138,CAR101,
4444,118,28.612440306823842,1779709339.5911496,77.20554694837504,CAR101,
4450,107,28.600248083157794,1779698504.2837546,77.2025543995032,CAR101,
4452,104,28.619062149054944,1779693939.20239,77.19618350141074,CAR101,
4460,87,28.605916563893643,1779702891.9526682,77.20144592882563,CAR101,
4462,97,28.60387337754618,1779786549.0208778,77.20191891968068,CAR101,
4463,100,28.619130058342012,1779712076.0764444,77.19812625794941,CAR101,
4471,100,28.60216321440893,1779706115.9474123,77.20524811893657,CAR101,
4476,102,28.616755025885173,1779708838.7356212,77.19375087737522,CAR101,
4477,98,28.60084422356376,1779773777.4325898,77.19837762372642,CAR101,
4486,94,28.600559813465892,1779779085.4854434,77.20465567656132,CAR101,
4488,90,28.60763832322488,1779697127.9152913,77.20652846858785,CAR101,
4491,109,28.61944265688711,1779710314.7277935,77.20459009363675,CAR101,
4492,101,28.612230748493968,1779777355.1346993,77.19088689373125,CAR101,
4495,92,28.601397448111218,1779785914.9984765,77.19898321016447,CAR101,
4496,86,28.61413371082094,1779778137.6055684,77.20845213643378,CAR101,
4500,89,28.6025835671817,1779775679.613261,77.19089714198573,CAR101,
4504,114,28.61650110547017,1779697264.8196886,77.20629618989206,CAR101,
4505,83,28.61096518712818,1779698885.0345666,77.20224057731812,CAR101,
4511,93,28.615073857308712,1779697915.4151738,77.20239537519191,CAR101,
4512,119,28.609643838983416,1779785730.975558,77.1972134326943,CAR101,
4513,87,28.613072704063953,1779775269.5671272,77.20968959394668,CAR101,
4514,86,28.60331587256132,1779778291.1122646,77.19870557894258,CAR101,
4515,82,28.61351034821401,1779698547.643453,77.20941064788782,CAR101,
4519,101,28.602961042819114,1779775801.087733,77.20216471222918,CAR101,
4521,94,28.61875463498627,1779712649.5026581,77.20351104140735,CAR101,
4525,99,28.607876046507045,1779701168.6079068,77.20120701513594,CAR101,
4527,101,28.61425514451975,1779771642.7312148,77.20317215662693,CAR101,
4529,83,28.608578659810618,1779700259.5737185,77.20057235627924,CAR101,
4535,99,28.619157580929958,1779786935.2840679,77.20327893486343,CAR101,
4537,112,28.609628536992677,1779698151.1410985,77.1936989971355,CAR101,
4540,120,28.60156533889973,1779781985.5594583,77.20432123659468,CAR101,
4541,109,28.616469602612693,1779710406.7350314,77.20577714358848,CAR101,
4543,93,28.613101389733544,1779702802.6775687,77.19619618700068,CAR101,
4544,90,28.607994711455362,1779767949.2807713,77.20614134365113,CAR101,
4545,82,28.61448787894952,1779782156.2592635,77.2089127223586,CAR101,
4549,92,28.605177452919012,1779697400.5163126,77.19642206134083,CAR101,
4550,97,28.61733263828627,1779699491.9118876,77.2091259443988,CAR101,
4551,107,28.602371012538445,1779773446.7879822,77.19410013472545,CAR101,
4553,97,28.6034278496785,1779774904.331809,77.19441133784679,CAR101,
4555,93,28.61766242181048,1779776558.7615902,77.2012292564088,CAR101,
4562,112,28.60948055451369,1779785134.8950756,77.20484234757387,CAR101,
4563,105,28.60665749756611,1779776104.9487534,77.19747764031429,CAR101,
4565,113,28.607854149700167,1779705945.899776,77.20849554863447,CAR101,
4568,89,28.615333114897204,1779775337.2698808,77.20105371327534,CAR101,
4569,91,28.61759034128417,1779698065.6779294,77.19407449493906,CAR101,
4574,110,28.606556392719295,1779779018.2545485,77.2083406995643,CAR101,
4575,120,28.603074499524134,1779708337.9372003,77.19089835482396,CAR101,
4576,115,28.612478878483213,1779712322.8532052,77.19715423623954,CAR101,
4580,104,28.609181587123,1779701817.102404,77.20075624359708,CAR101,
4582,92,28.607974439689666,1779708444.3145587,77.19102765212394,CAR101,
4585,89,28.606908649320264,1779770640.0389316,77.19620730924386,CAR101,
4587,82,28.609994907947645,1779787485.028695,77.2010994191942,CAR101,
4588,111,28.613373838435784,1779708323.783426,77.19826077907283,CAR101,
4589,81,28.612674167441483,1779702121.584808,77.20016240239022,CAR101,
4593,113,28.613779483476154,1779709033.5798318,77.19775949095155,CAR101,
4594,118,28.614733926267526,1779702392.5222263,77.19090285373409,CAR101,
4595,83,28.617935349584513,1779791426.876166,77.19473418135586,CAR101,
4599,87,28.606380259726368,1779693068.2398498,77.19052083190874,CAR101,
4600,85,28.600704726854936,1779785688.0336733,77.20998615895736,CAR101,
4601,107,28.61461923268812,1779774372.3758867,77.1968878356179,CAR101,
4602,88,28.606901875720283,1779713392.5915701,77.1908302039875,CAR101,
4603,86,28.608516825905898,1779698998.4714963,77.20057862970599,CAR101,
4614,112,28.610419954420628,1779786967.1243093,77.20062036988863,CAR101,
4617,81,28.60759607009998,1779773393.6104014,77.19310442334682,CAR101,
4621,87,28.616222533463937,1779706737.4347484,77.19036144798815,CAR101,
4623,101,28.619204132711697,1779696827.2841122,77.20127120785868,CAR101,
4625,84,28.602382955313182,1779776094.2487228,77.19834076753678,CAR101,
4630,112,28.616159621296443,1779770632.9160647,77.19615864267615,CAR101,
4631,92,28.610621983060785,1779774829.9778614,77.20408936013813,CAR101,
4635,95,28.609526143914607,1779787694.2482224,77.19771266383361,CAR101,
4637,107,28.6128706727954,1779698909.8790858,77.20842329283647,CAR101,
4640,113,28.615617587206884,1779774478.8760238,77.20405185240976,CAR101,
4642,108,28.617909357994986,1779698225.5055356,77.19356783501877,CAR101,
4643,109,28.619259775968548,1779790068.1951969,77.19313703108092,CAR101,
4644,109,28.60337774158008,1779785670.3426728,77.20071969126646,CAR101,
4645,106,28.609550799155546,1779711663.507359,77.20896692040496,CAR101,
4646,120,28.60373730320067,1779778593.9381642,77.20187252829736,CAR101,
4647,100,28.60747696692661,1779788016.5671575,77.19477458853238,CAR101,
4649,98,28.616032004957592,1779703312.9431355,77.19221763351425,CAR101,
4654,91,28.613584092225892,1779712018.4241714,77.20750204357391,CAR101,
4657,104,28.61189002314631,1779784746.261582,77.19307313252284,CAR101,
4659,81,28.61671747748357,1779785124.2870822,77.20286083234362,CAR101,
4662,117,28.60048430368752,1779767606.097258,77.2052852026528,CAR101,
4670,117,28.610838213433684,1779785386.505297,77.19926330857577,CAR101,
4672,83,28.6107568799755,1779787098.592479,77.19537126020458,CAR101,
4676,119,28.610968399294364,1779699603.2902756,77.20560197401468,CAR101,
4680,101,28.61668446849598,1779700983.0491235,77.1952516355121,CAR101,
4681,99,28.617334243632804,1779713284.4755611,77.20321714971433,CAR101,
4682,106,28.615436517815553,1779702838.2358112,77.19884061851786,CAR101,
4683,95,28.609207001384167,1779786914.0552197,77.19375956127506,CAR101,
4686,100,28.61481844956373,1779703337.781884,77.1924661471859,CAR101,
4688,110,28.619508268315258,1779767438.2392159,77.19466648838352,CAR101,
4691,96,28.601027443792002,1779707242.9765623,77.19095619320666,CAR101,
4692,90,28.60081428044265,1779708398.2299476,77.19780688211142,CAR101,
4694,91,28.618535415471225,1779767306.955504,77.19976519677202,CAR101,
4698,90,28.616473150505605,1779778195.0624833,77.20690273647719,CAR101,
4708,81,28.602986657129115,1779713064.0104141,77.19876244159074,CAR101,
4710,120,28.601731996690017,1779777609.3212914,77.20062524852717,CAR101,
4714,83,28.615702682624818,1779693057.595124,77.19955285745363,CAR101,
4717,91,28.615845387824418,1779777333.4775853,77.20701128970569,CAR101,
4718,82,28.61419364345973,1779775668.966306,77.1936720090047,CAR101,
4719,98,28.61706122582203,1779775326.6432087,77.20391336041759,CAR101,
4720,99,28.611735418649793,1779708923.7094052,77.20879070113126,CAR101,
4721,88,28.61938366165008,1779785262.6147723,77.19316668957048,CAR101,
4728,103,28.61983911002506,1779767502.1436863,77.19899365364266,CAR101,
4730,98,28.619328309516103,1779785131.3534694,77.19881209938441,CAR101,
4732,94,28.602404287319484,1779708011.1796975,77.20423173971663,CAR101,
4734,100,28.60529617850378,1779775015.585504,77.20596490283218,CAR101,
4736,81,28.611063268277164,1779773909.6846926,77.19246329408779,CAR101,
4738,83,28.617942653050292,1779767225.2023652,77.190846026464,CAR101,
4740,98,28.61850666959521,1779779163.7004452,77.2076726015172,CAR101,
4741,97,28.61905773025356,1779707950.9441502,77.20930230576349,CAR101,
4742,120,28.609387509690233,1779701992.0559852,77.19713651198118,CAR101,
4746,102,28.61276792195322,1779701261.471297,77.20320470427248,CAR101,
4747,84,28.608663119925314,1779710250.9170017,77.20093772705819,CAR101,
4749,119,28.615717018979662,1779784781.700611,77.20923892700579,CAR101,
4752,89,28.615772103214606,1779697178.9456387,77.20444048378911,CAR101,
4753,107,28.61793636200384,1779698197.144221,77.19127683419215,CAR101,
4754,81,28.60131375081019,1779774936.2034547,77.20665761309525,CAR101,
4757,97,28.600806094122554,1779787031.2694,77.20774961769011,CAR101,
4758,100,28.600723331873755,1779771311.2822967,77.19799244934345,CAR101,
4770,96,28.600081259199218,1779767189.496318,77.20560661866222,CAR101,
4771,97,28.619643716576345,1779777696.356365,77.19693237191332,CAR101,
4772,118,28.608881257132527,1779699545.4981394,77.20006287310825,CAR101,
4773,85,28.604729136610956,1779771058.7948246,77.19788187084124,CAR101,
4777,109,28.60000371406488,1779698250.9863284,77.19827461734653,CAR101,
4780,104,28.60267316221517,1779772184.1332798,77.2039482914854,CAR101,
4782,86,28.615988242228795,1779776223.324481,77.2035064695267,CAR101,
4783,100,28.60176098196654,1779785858.3634799,77.19723140644099,CAR101,
4785,97,28.600488663087614,1779702688.7116623,77.20430223514578,CAR101,
4786,99,28.605857131875524,1779790082.356582,77.19724627545139,CAR101,
4788,97,28.604250904673076,1779767260.5563214,77.19831900010388,CAR101,
4789,82,28.608838414560626,1779709357.3047872,77.20122188657282,CAR101,
4791,111,28.602480667280215,1779767652.0977237,77.19754210201405,CAR101,
4801,108,28.61806298213055,1779708174.6424344,77.20458368607746,CAR101,
4810,108,28.61684662918374,1779701607.0505698,77.20842708794295,CAR101,
4812,118,28.617690058894933,1779712236.0230563,77.19688162123799,CAR101,
4825,109,28.60535786044333,1779712951.6379213,77.20233179521405,CAR101,
4830,105,28.61477348007299,1779786977.7630243,77.2094040005609,CAR101,
4835,113,28.618266167575523,1779708870.659662,77.20758823759235,CAR101,
4837,108,28.616014763606984,1779701770.7493355,77.19114342227192,CAR101,
4841,120,28.602812062578433,1779710843.3040688,77.19097021407977,CAR101,
4842,89,28.612711870276186,1779710459.776997,77.1922494037193,CAR101,
4843,117,28.60643365394392,1779701312.2197666,77.19215888879378,CAR101,
4844,109,28.610364450719,1779775058.1316562,77.19963020057206,CAR101,
4847,108,28.61793532256993,1779787318.0606587,77.19593435399858,CAR101,
4848,111,28.617113491237102,1779777612.8903859,77.19307738234859,CAR101,
4849,89,28.601371682453554,1779774521.9220974,77.1970752652883,CAR101,
4852,112,28.601800184842386,1779776208.6356585,77.1978991672207,CAR101,
4854,87,28.61155035477907,1779775772.7298958,77.20218352982941,CAR101,
4856,99,28.604416564383577,1779786123.7805655,77.19004712017808,CAR101,
4858,81,28.6090534229447,1779701189.9166946,77.19879643172135,CAR101,
4861,109,28.61580324449679,1779787740.2840183,77.20926258266832,CAR101,
4862,81,28.618013535785032,1779773568.323649,77.19860723394578,CAR101,
4863,107,28.614741170559373,1779711448.2680802,77.19445792112903,CAR101,
4870,97,28.612062717305797,1779777598.1863787,77.20923455721498,CAR101,
4872,84,28.607612569319716,1779784806.4279046,77.19768627390098,CAR101,
4875,95,28.61173625308637,1779779303.4112165,77.20163267167547,CAR101,
4881,119,28.61973992088416,1779711286.826367,77.19906782482992,CAR101,
4882,81,28.61148142616037,1779698398.0505397,77.19843395064099,CAR101,
4883,106,28.614802077036266,1779710233.2278464,77.19124550661017,CAR101,
4884,85,28.618965705819228,1779708685.4216645,77.20729231694733,CAR101,
4886,118,28.61093753979443,1779698654.3804302,77.20850659563163,CAR101,
4896,99,28.615405259154787,1779711002.5278797,77.20825386677929,CAR101,
4897,87,28.60958101386303,1779706048.5930436,77.20292499008333,CAR101,
4899,98,28.605756090681822,1779699058.7589214,77.19339469624889,CAR101,
4905,89,28.610205906424603,1779782305.4769518,77.2074737421124,CAR101,
4907,113,28.61189866798912,1779785489.5660086,77.19665266821393,CAR101,
4909,100,28.61329176563766,1779775636.6304162,77.19563490776008,CAR101,
4910,85,28.612195607349264,1779784667.974313,77.20008152141577,CAR101,
4911,118,28.606992635787684,1779775907.9638085,77.20498728564398,CAR101,
4917,119,28.606281245169644,1779777699.9037855,77.19470170848244,CAR101,
4918,120,28.619018752977034,1779782255.9392338,77.19261887132926,CAR101,
4920,118,28.601593513525227,1779775428.1493673,77.19315985079038,CAR101,
4924,86,28.603137145326077,1779786191.0609725,77.20803026006307,CAR101,
4925,113,28.61313084759981,1779701293.8606486,77.19451067349941,CAR101,
4926,100,28.60547327114591,1779773718.9098766,77.20127899545606,CAR101,
4928,95,28.619889291405165,1779776619.1256516,77.1997572546443,CAR101,
4929,106,28.60428060124319,1779712315.6910994,77.19927013082759,CAR101,
4935,98,28.606701116762288,1779775783.3561902,77.2099104286461,CAR101,
4939,107,28.61258264943469,1779772249.5915513,77.20146636799879,CAR101,
4944,116,28.60010131243413,1779777534.2379162,77.19323069026241,CAR101,
4945,111,28.617710279270213,1779713074.7490118,77.19862327378253,CAR101,
4947,104,28.607789149522368,1779702877.7790983,77.19181586707651,CAR101,
4948,119,28.609673228045036,1779786304.3634381,77.19037731131304,CAR101,
4953,98,28.614171742784368,1779777928.865215,77.19074820320994,CAR101,
4954,88,28.612489792805153,1779702389.0007792,77.20861552803893,CAR101,
4956,106,28.61904019095941,1779701934.7476141,77.19623405079167,CAR101,
4957,97,28.604265038125664,1779785865.4204297,77.20069794808992,CAR101,
4961,112,28.605103265817466,1779786758.272912,77.19611716767888,CAR101,
4962,99,28.606275449767967,1779696820.2049444,77.20543821393335,CAR101,
4963,85,28.617318553199258,1779702167.6648104,77.1962695837521,CAR101,
4964,118,28.607069213519374,1779709104.4932861,77.2098364368818,CAR101,
4965,110,28.60811548383456,1779776749.4284577,77.200710028821,CAR101,
4972,93,28.604041164723405,1779770857.1683946,77.20560981175066,CAR101,
4975,82,28.60023133617161,1779773845.789546,77.20711682149634,CAR101,
4984,84,28.614972884346887,1779709967.0701811,77.2063251300238,CAR101,
4987,96,28.614839403041284,1779708927.267053,77.19899157708912,CAR101,
4990,106,28.609784378260628,1779775997.5776477,77.20541375077138,CAR101,
4991,101,28.618730964539807,1779701333.4921052,77.19183944371069,CAR101,
4994,87,28.615830232261374,1779773672.0681827,77.20959027943395,CAR101,
4997,96,28.61732038953149,1779708231.756574,77.19152216414523,CAR101,
5001,93,28.61918025076569,1779703195.3372607,77.20780803358178,CAR101,
5003,81,28.612769764667117,1779706140.7138126,77.20312888431044,CAR101,
5004,103,28.602973491872454,1779776115.575232,77.20196908886894,CAR101,
5005,82,28.617457958121857,1779702278.7217116,77.20248904031433,CAR101,
5008,100,28.61266958086387,1779702845.7964928,77.20358041007341,CAR101,
5009,94,28.60385162495383,1779712061.6379595,77.20227112522073,CAR101,
5014,118,28.601442295036147,1779778184.4270165,77.19144139706239,CAR101,
5015,102,28.61037996260016,1779711013.139002,77.19327307904524,CAR101,
5016,104,28.605022005126532,1779700628.9796317,77.19817460356678,CAR101,
5018,84,28.60951401344733,1779787222.4872036,77.20493281757814,CAR101,
5019,94,28.612986078889023,1779700829.6999793,77.20416870994372,CAR101,
5022,81,28.608887752597624,1779706243.564549,77.19614872351997,CAR101,
5023,112,28.607582738941453,1779779124.715645,77.20266443391627,CAR101,
5024,99,28.619049440786306,1779771137.0085294,77.191622662753,CAR101,
5027,91,28.609250800916158,1779697304.4174745,77.19701448870211,CAR101,
5028,84,28.61442932411625,1779787335.7533429,77.20955237558351,CAR101,
5030,117,28.619132487700178,1779713107.0052953,77.19342180142584,CAR101,
5031,115,28.609343612555204,1779774568.561392,77.20695841505783,CAR101,
5032,87,28.60610670493511,1779778789.6015024,77.20678836682362,CAR101,
5042,96,28.619683163721913,1779775276.637473,77.19663902705685,CAR101,
5048,83,28.601695149657463,1779701834.849562,77.19607171316342,CAR101,
5051,116,28.61829343025375,1779767516.3095245,77.19728771642566,CAR101,
5053,114,28.602523412274262,1779710608.2965684,77.20101565865849,CAR101,
5056,85,28.60291088268887,1779710722.6025834,77.20449561497388,CAR101,
5060,90,28.618165620083886,1779781786.9912267,77.20455034702236,CAR101,
5063,109,28.604600349481448,1779697120.8498414,77.20417599738329,CAR101,
5067,118,28.614062417378562,1779784820.5985966,77.2088287406315,CAR101,
5069,107,28.616500834640448,1779698211.2407131,77.20629308619678,CAR101,
5070,104,28.614564966563023,1779778333.575397,77.19986918547062,CAR101,
5071,93,28.60290021963238,1779775786.9037445,77.20414500969783,CAR101,
5073,98,28.607300009494484,1779777365.7718801,77.19051608724502,CAR101,
5076,98,28.607982169218978,1779775740.3756037,77.20919593009232,CAR101,
5078,120,28.602668264909024,1779711735.2919676,77.20525173890931,CAR101,
5086,111,28.601024305728863,1779781989.0954208,77.20086831336066,CAR101,
5093,102,28.604218588571335,1779699349.4676948,77.2034761315335,CAR101,
5096,87,28.602981412781546,1779779113.8143609,77.19877141392637,CAR101,
5103,103,28.606940784577215,1779693635.4124649,77.2067524581335,CAR101,
5104,91,28.619056227005306,1779698920.4820855,77.20334783370504,CAR101,
5110,81,28.611625255300382,1779778892.375884,77.20102917174866,CAR101,
5112,105,28.605433275044458,1779710537.4937108,77.2044837603708,CAR101,
5115,117,28.613318757351422,1779699824.483538,77.2091750571556,CAR101,
5119,113,28.607589156433505,1779712905.0878341,77.20344722395932,CAR101,
5120,83,28.617959861206362,1779709945.7829165,77.19461371897987,CAR101,
5121,97,28.603567547602587,1779708196.363285,77.19809400799821,CAR101,
5123,98,28.6005369905192,1779711144.0914886,77.20174032016871,CAR101,
5125,118,28.605355673875575,1779707765.8061533,77.20088109406038,CAR101,
5126,87,28.601314789649134,1779777162.327912,77.20259484855409,CAR101,
5130,116,28.617072072989394,1779767581.3508127,77.20250567239819,CAR101,
5131,117,28.60180382825366,1779712054.4696338,77.20095469544485,CAR101,
5134,104,28.60381802934059,1779706303.821176,77.19961848330577,CAR101,
5135,82,28.602604727151395,1779772104.1825562,77.19081159228976,CAR101,
5139,96,28.60351143538315,1779712724.8682415,77.19439066393294,CAR101,
5141,113,28.60553581102429,1779773478.6492379,77.19108121208184,CAR101,
5143,102,28.619891475791103,1779773755.3363557,77.1932578114159,CAR101,
5150,87,28.612974827882308,1779713135.77548,77.20064285125122,CAR101,
5151,113,28.608702209537785,1779767495.045142,77.19974701178218,CAR101,
5154,107,28.604866302575324,1779702027.460356,77.2099470154154,CAR101,
5155,94,28.619298754674347,1779693674.4571886,77.199348284492,CAR101,
5156,105,28.61285197486169,1779696788.250457,77.19104826652757,CAR101,
5160,96,28.612084852711988,1779693237.6540108,77.19580781888494,CAR101,
5162,120,28.60858471520242,1779786506.6120095,77.20705486944121,CAR101,
5163,100,28.614894217129905,1779710495.1461923,77.19736715862066,CAR101,
5166,113,28.60965131451723,1779784646.706623,77.19743465263346,CAR101,
5168,107,28.603279690345143,1779713197.5408664,77.20662320875107,CAR101,
5172,83,28.611771127563518,1779712858.2899904,77.19948020218807,CAR101,
5176,116,28.608703272456562,1779697524.393,77.19448961006442,CAR101,
5177,116,28.619038733920572,1779767477.3531976,77.19006804229973,CAR101,
5179,94,28.60269355168216,1779788159.3472476,77.2056489947294,CAR101,
5180,83,28.618091322773534,1779706403.179983,77.20735303968615,CAR101,
5182,89,28.603509264120667,1779770937.6957574,77.19645406197763,CAR101,
5183,100,28.61617568325848,1779767588.440936,77.19393285885029,CAR101,
5185,83,28.60478510304629,1779712958.8461788,77.19058410488276,CAR101,
5189,100,28.60909238396968,1779712457.552975,77.19855772042672,CAR101,
5191,99,28.601926139893518,1779786903.4230165,77.20337972200652,CAR101,
5195,83,28.61488338356662,1779784856.0493302,77.1989961308727,CAR101,
5198,93,28.617533702619244,1779774601.3339608,77.19563523755662,CAR101,
5199,92,28.613095095242453,1779711570.3851857,77.19220612841963,CAR101,
5200,120,28.617193006038224,1779703245.003051,77.191116278902,CAR101,
5203,81,28.600543496622453,1779701724.079226,77.19247597959743,CAR101,
5204,114,28.603862134649184,1779789897.8620205,77.20822807003763,CAR101,
5205,116,28.613740576797873,1779787998.842692,77.20932201385178,CAR101,
5209,116,28.609927155866696,1779787676.5045984,77.20294883028804,CAR101,
5213,114,28.604527225273948,1779781857.8940716,77.20302421950797,CAR101,
5215,83,28.608147782605396,1779774471.780028,77.20295052582799,CAR101,
5218,109,28.60371897652588,1779697364.5810978,77.20490779294202,CAR101,
5219,104,28.61010114718075,1779711935.0727906,77.20596049542294,CAR101,
5221,100,28.619040515734284,1779772209.9231215,77.19107592111106,CAR101,
5222,109,28.618349818156037,1779782266.555318,77.20076711582773,CAR101,
5224,102,28.615889869975156,1779774854.744477,77.20468477124169,CAR101,
5227,86,28.61915412472943,1779706869.470956,77.20206457408497,CAR101,
5229,97,28.617883386569883,1779713252.113204,77.20439183968509,CAR101,
5231,98,28.616096155335992,1779781801.1752412,77.20757768087117,CAR101,
5234,108,28.616089828343473,1779699183.0053358,77.20671159255322,CAR101,
5236,100,28.616541329589346,1779699087.1731682,77.19972972241919,CAR101,
5237,117,28.60175093892176,1779786006.9156854,77.20619571023654,CAR101,
5238,82,28.612853924791466,1779787818.239199,77.20002258362983,CAR101,
5240,105,28.615186732048116,1779774979.6500726,77.19331619058606,CAR101,
5247,96,28.60862940015979,1779767899.676647,77.19398863130202,CAR101,
5250,83,28.60399004174258,1779712087.4413662,77.20747147437618,CAR101,
5255,85,28.61192993257914,1779767549.4778652,77.19061392806259,CAR101,
5257,100,28.602158577831187,1779790022.0161462,77.20342621913247,CAR101,
5260,87,28.60554129037267,1779777676.6689377,77.20686328376772,CAR101,
5261,113,28.615607876626644,1779707118.756498,77.20648523341781,CAR101,
5264,120,28.60064425241761,1779697908.3476613,77.19705556200641,CAR101,
5266,89,28.60380934740925,1779784742.7044816,77.19703554865248,CAR101,
5267,92,28.609006748218718,1779703060.1773655,77.20805493171649,CAR101,
5274,102,28.607492185374305,1779710512.7485707,77.2062790548189,CAR101,
5284,99,28.605741273715072,1779706481.1378179,77.20766488024508,CAR101,
5286,117,28.61293907636144,1779707712.199128,77.20369796455324,CAR101,
5287,120,28.609588150890485,1779776973.8483043,77.2093156441226,CAR101,
5295,90,28.617669341623163,1779709495.7469783,77.19309784723126,CAR101,
5297,103,28.617549686288633,1779784554.681349,77.19104634072178,CAR101,
5298,88,28.609237233621382,1779711119.3359156,77.20027214744873,CAR101,
5299,115,28.605478032377977,1779776821.1180274,77.20052891555855,CAR101,
5308,101,28.614545410577435,1779707260.6954792,77.19343549385344,CAR101,
5310,103,28.619264184625724,1779699062.3048246,77.19857002644666,CAR101,
5312,97,28.613280242271635,1779693135.6028223,77.20377531096916,CAR101,
5314,113,28.61003785344795,1779703102.6817858,77.19992518700896,CAR101,
5320,99,28.601565620088444,1779773457.3894215,77.19472037786413,CAR101,
5322,109,28.611417256318727,1779710151.4769433,77.19535348884436,CAR101,
5324,109,28.618052438197502,1779713266.4541142,77.20526481410542,CAR101,
5325,105,28.607076520020385,1779777850.8090074,77.19091075671129,CAR101,
5327,82,28.600118149752557,1779770273.5990562,77.20249035242053,CAR101,
5330,120,28.605560765996238,1779777247.8218148,77.19302848929009,CAR101,
5332,88,28.605177055497514,1779785007.5067022,77.2091297450349,CAR101,
5333,109,28.607424448220677,1779703259.1959627,77.19197525275683,CAR101,
5335,99,28.612646079177694,1779776287.7849844,77.20752351580661,CAR101,
5339,113,28.60062831031687,1779777746.0214992,77.20295396612973,CAR101,
5342,108,28.617579886912324,1779701706.3451743,77.19863499289684,CAR101,
5345,82,28.600987621183368,1779699524.1387968,77.20159885411245,CAR101,
5347,110,28.600193259728105,1779770425.9347086,77.19414421340484,CAR101,
5350,90,28.602336661963125,1779708760.327391,77.1977634217939,CAR101,
5356,85,28.610495408640546,1779787630.5040243,77.19604260102962,CAR101,
5367,110,28.60414291581701,1779699670.887706,77.20722765375572,CAR101,
5368,85,28.619751306776987,1779790007.7946992,77.20785188223621,CAR101,
5370,107,28.60332704845708,1779786726.384501,77.19078356282436,CAR101,
5372,81,28.619513230409847,1779774176.5167594,77.20389850196126,CAR101,
5374,113,28.61641109285834,1779707662.238145,77.20395273395228,CAR101,
5377,87,28.605560303741015,1779770493.3225706,77.20997131971187,CAR101,
5378,96,28.612110458141405,1779708408.844703,77.19909484158457,CAR101,
5380,114,28.61461179334948,1779706641.6383421,77.20211757560156,CAR101,
5384,95,28.600608846819615,1779777380.1339526,77.20533647322644,CAR101,
5385,118,28.60625213446492,1779767835.940767,77.20998351860835,CAR101,
5391,120,28.61431245730081,1779779106.7200372,77.1994293839622,CAR101,
5394,99,28.608048987577916,1779786152.0759923,77.2058768775969,CAR101,
5396,88,28.60887165685237,1779785266.1660788,77.1996331292881,CAR101,
5400,102,28.610140225189106,1779785801.659589,77.19090009297547,CAR101,
5405,118,28.60714019073075,1779707584.2245238,77.20675870265306,CAR101,
5406,106,28.618134595162786,1779697858.751041,77.20611804461667,CAR101,
5418,101,28.60541101074794,1779712955.2627678,77.20802082568983,CAR101,
5419,85,28.615519932245704,1779697614.853045,77.19058356179802,CAR101,
5420,99,28.601928881541298,1779776633.2243345,77.20920368405179,CAR101,
5422,101,28.611038454319868,1779789958.1567647,77.19559416863255,CAR101,
5432,111,28.61347570491822,1779707580.6458254,77.19791378405972,CAR101,
5434,95,28.60941437992695,1779700872.1877844,77.19734510390826,CAR101,
5436,92,28.615773444276403,1779707136.5421598,77.20471779069618,CAR101,
5437,81,28.605338791727416,1779697980.1229725,77.19963511895065,CAR101,
5438,92,28.61089589534484,1779708206.954867,77.20660712064694,CAR101,
5440,88,28.61991348290556,1779699090.7533622,77.20574681886735,CAR101,
5447,98,28.614502305556556,1779767512.7800229,77.20960179505776,CAR101,
5448,117,28.60906617502966,1779778928.7375696,77.20689701334574,CAR101,
5449,105,28.61359737302198,1779776255.2518153,77.20178195157794,CAR101,
5450,104,28.612335788999193,1779708060.8701882,77.19856909032744,CAR101,
5452,83,28.61483543210248,1779771653.423038,77.20352884131276,CAR101,
5454,93,28.600381259769513,1779700886.3370788,77.19552255290026,CAR101,
5456,92,28.601406337975853,1779785280.3001268,77.20915292781373,CAR101,
5464,106,28.6159210943612,1779699724.242304,77.19652445071793,CAR101,
5465,111,28.605546463092015,1779696870.4787028,77.20981920215756,CAR101,
5466,95,28.61787463446767,1779712484.598067,77.19034421157748,CAR101,
5470,106,28.613494363112725,1779786775.9361753,77.20896917214048,CAR101,
5472,97,28.614739093141996,1779711190.0897267,77.19085462651084,CAR101,
5476,119,28.6024915497947,1779700032.395606,77.19570978056292,CAR101,
5477,99,28.612393176722314,1779710647.219978,77.20744962551913,CAR101,
5478,83,28.61919186139524,1779702763.2143726,77.20537569342554,CAR101,
5482,103,28.616406598486694,1779785684.5014443,77.20899369662267,CAR101,
5487,90,28.60857655341311,1779706602.6839964,77.20791930046057,CAR101,
5488,116,28.603482762933787,1779778842.788077,77.2067085271387,CAR101,
5491,103,28.605483444103786,1779784795.858206,77.20826783626849,CAR101,
5492,86,28.612872827423693,1779701617.62415,77.19638479957189,CAR101,
5494,120,28.600567066309917,1779711692.0822763,77.1912017693508,CAR101,
5495,88,28.61997839357601,1779706591.5819519,77.19189541950364,CAR101,
5498,120,28.616566241264955,1779775354.9691317,77.19869484643871,CAR101,
5499,91,28.61737464211578,1779713432.854532,77.19702231788492,CAR101,
5500,94,28.61925082660261,1779781829.6015224,77.19089546276183,CAR101,
5506,111,28.610180308455146,1779710488.0579495,77.20478873850209,CAR101,
5509,116,28.60957197692819,1779773453.868605,77.20008296845528,CAR101,
5510,109,28.602247364433733,1779777569.7422988,77.20214749693184,CAR101,
5513,84,28.60882236282314,1779696670.25601,77.20199855446378,CAR101,
5515,88,28.604256640602443,1779712326.437031,77.20524903734562,CAR101,
5520,116,28.614467852261473,1779788030.6622024,77.19993048967808,CAR101,
5521,115,28.604744051470153,1779770593.4775848,77.20158425976285,CAR101,
5524,105,28.611698247045936,1779789940.3850026,77.19017213159256,CAR101,
5526,103,28.61645942708313,1779786449.9063766,77.20452610583055,CAR101,
5528,107,28.61065157674345,1779777433.844005,77.20761616577413,CAR101,
5529,118,28.602271726361913,1779698771.0646992,77.19208610281416,CAR101,
5534,103,28.611369379341454,1779707410.270008,77.19591725309687,CAR101,
5538,98,28.61427382197337,1779785943.2748544,77.19223391958816,CAR101,
5540,119,28.60080713569922,1779770803.9904637,77.20132584938466,CAR101,
5541,111,28.604095004241724,1779698856.2031145,77.20592494413722,CAR101,
5547,82,28.61882156213589,1779773350.387563,77.19458380066779,CAR101,
5548,98,28.618323884804212,1779712488.2177474,77.20545987617994,CAR101,
5549,107,28.61443706667349,1779782142.079221,77.20899628894472,CAR101,
5550,102,28.607456392124526,1779777251.377105,77.20207599554557,CAR101,
5551,114,28.606648020692038,1779777130.3197,77.20561009579492,CAR101,
5553,96,28.617474235758817,1779709903.3811204,77.20122267898775,CAR101,
5555,113,28.600787332820016,1779767406.2589574,77.19810816501982,CAR101,
5556,118,28.603575884832086,1779708874.188731,77.20545217496871,CAR101,
5557,89,28.6069513112439,1779707250.0716033,77.19389572734208,CAR101,
5560,111,28.603830183270748,1779697481.9509084,77.20627485907308,CAR101,
5563,105,28.613687083144736,1779785907.942263,77.19823186171773,CAR101,
5565,102,28.60929263423725,1779713092.6355906,77.20966520692009,CAR101,
5568,96,28.618537307490016,1779770694.7039766,77.19902627895061,CAR101,
5571,97,28.612371329684144,1779693755.3616605,77.19775734718773,CAR101,
5576,109,28.601024560543397,1779771675.9495244,77.19957616053331,CAR101,
5586,120,28.610781939215176,1779697746.0769022,77.19856486310462,CAR101,
5590,113,28.61213042690179,1779773874.2616558,77.19749613610219,CAR101,
5596,94,28.61982731054988,1779693277.513248,77.20747134412179,CAR101,
5597,110,28.60812681170992,1779701351.2232597,77.19203986404133,CAR101,
5601,86,28.61449472586525,1779712999.9037673,77.19603737525658,CAR101,
5605,84,28.610157383808254,1779784989.8215952,77.2068318703318,CAR101,
5608,94,28.61305408976765,1779786283.091832,77.20280379955884,CAR101,
5612,95,28.614968646936884,1779696547.3665931,77.20131494418195,CAR101,
5613,83,28.61571046056806,1779708660.4615805,77.19155364721063,CAR101,
5616,101,28.602017837540618,1779697020.5089612,77.1996960016434,CAR101,
5617,103,28.61348998681578,1779710938.8627386,77.20849112124216,CAR101,
5618,114,28.619633353023332,1779707211.0693247,77.20145025894297,CAR101,
5619,87,28.60006633069918,1779707797.731253,77.2096584060099,CAR101,
5621,101,28.610995881255686,1779698817.0924928,77.19567900117771,CAR101,
5625,87,28.611299656752603,1779779270.9343424,77.19246703431736,CAR101,
5629,107,28.61165599794187,1779776047.6950963,77.20126590685209,CAR101,
5630,82,28.60222549175951,1779708217.571292,77.19799267093585,CAR101,
5634,97,28.613195269558982,1779785507.3298175,77.20282644396171,CAR101,
5636,95,28.60401055224146,1779706919.4571822,77.19000558113342,CAR101,
5637,81,28.603747664393026,1779784940.2024298,77.20532988262495,CAR101,
5638,97,28.61569655250267,1779782177.5450783,77.20168858789013,CAR101,
5639,91,28.60349376568603,1779693039.4153588,77.19616613984398,CAR101,
5640,83,28.612988413780197,1779701479.4860022,77.19262736070338,CAR101,
5646,90,28.60198179381883,1779699791.9250147,77.19908932818893,CAR101,
5647,95,28.613440680056264,1779771030.1599507,77.20702930533032,CAR101,
5649,86,28.608569694084157,1779709470.9258764,77.20379250203763,CAR101,
5650,98,28.604229208154948,1779710498.6614192,77.19572939965627,CAR101,
5651,90,28.611734130250575,1779698827.6860864,77.20837743338099,CAR101,
5652,107,28.61949049087346,1779785014.589258,77.20370565499043,CAR101,
5656,113,28.609480804254108,1779778430.042012,77.20824953570678,CAR101,
5657,89,28.607348974300347,1779697664.4589458,77.19820531837993,CAR101,
5661,115,28.615307819263876,1779774172.9782217,77.20918938604845,CAR101,
5662,104,28.613005234273245,1779708242.3437326,77.20309420895795,CAR101,
5663,115,28.61594023701462,1779787598.5576208,77.19056257878331,CAR101,
5665,107,28.607303924004718,1779786690.9729736,77.1993486064857,CAR101,
5667,90,28.600699473807648,1779786003.3802822,77.20424938050905,CAR101,
5668,101,28.61430785979144,1779698586.5877957,77.20197170886748,CAR101,
5669,94,28.605560961238517,1779778754.0471315,77.20952374883059,CAR101,
5670,107,28.6089940001096,1779776753.0425732,77.19216769687354,CAR101,
5672,110,28.609173663023743,1779710193.9862885,77.20274998047131,CAR101,
5676,90,28.610284840278762,1779702920.9649105,77.19659953671409,CAR101,
5680,99,28.61720606367796,1779712876.210764,77.20005264002995,CAR101,
5681,108,28.605723241301174,1779709286.4829905,77.19656267746082,CAR101,
5682,106,28.619742276311484,1779708789.1704285,77.19096852175521,CAR101,
5683,82,28.6011241958155,1779776640.3188176,77.2099758645418,CAR101,
5685,86,28.604498454036012,1779767758.2069852,77.19665850833033,CAR101,
5691,112,28.607952173333025,1779776083.141794,77.19157998649928,CAR101,
5695,108,28.607912115494916,1779771683.085519,77.20041624898656,CAR101,
5696,113,28.617758491359183,1779778568.7762976,77.20143934992642,CAR101,
5698,92,28.611693135536246,1779782170.4495685,77.19963140634218,CAR101,
5700,112,28.60109308119476,1779702831.1504834,77.20733985604436,CAR101,
5703,119,28.610600374644402,1779771715.4205403,77.19385844342632,CAR101,
5709,94,28.607161608077977,1779699788.3652892,77.19410058772972,CAR101,
5710,89,28.615374264665018,1779770698.2321334,77.1907804283402,CAR101,
5711,96,28.6074489054304,1779776112.0522692,77.19854644162726,CAR101,
5712,115,28.60293221857417,1779786371.611904,77.20720602065008,CAR101,
5715,88,28.610024220510496,1779776601.3064425,77.20258486097316,CAR101,
5717,86,28.60865614695084,1779770636.5022144,77.20478126592944,CAR101,
5719,106,28.606189678061458,1779712225.2686372,77.20370273326911,CAR101,
5720,83,28.61127575602907,1779707271.3523972,77.20034299922013,CAR101,
5725,95,28.60372706466992,1779775380.2053766,77.19136050465464,CAR101,
5726,102,28.61843301840292,1779706459.914168,77.19676343980512,CAR101,
5728,93,28.613816305166882,1779786981.314338,77.19694083353889,CAR101,
5731,103,28.6028092121148,1779710548.1024094,77.20753038533756,CAR101,
5733,92,28.617322269736782,1779787374.7457554,77.20508512972957,CAR101,
5736,117,28.60326712514748,1779777383.7152345,77.20701767005846,CAR101,
5737,89,28.607541558652354,1779775672.5306258,77.20773212050538,CAR101,
5743,108,28.616963221122372,1779774529.0279605,77.2039131161786,CAR101,
5745,89,28.6067551692938,1779698361.4736972,77.1996884342908,CAR101,
5747,93,28.61616024735289,1779708628.6229467,77.20472613526303,CAR101,
5748,85,28.611534509754865,1779788184.1107771,77.19474896126229,CAR101,
5749,119,28.60303040572841,1779710949.444299,77.19336634986936,CAR101,
5750,89,28.61964250620149,1779775904.4171672,77.19053301640231,CAR101,
5751,112,28.61551937228301,1779779299.8594315,77.195781543583,CAR101,
5753,107,28.601620127935703,1779707435.1446908,77.19173712455314,CAR101,
5754,95,28.612615896044414,1779788050.6198242,77.19903043518075,CAR101,
5758,107,28.603324980761275,1779712732.0328445,77.20328764972331,CAR101,
5763,98,28.605853956057206,1779710116.138607,77.19489156397049,CAR101,
5766,119,28.612125668846243,1779775226.076785,77.19761794389863,CAR101,
5770,117,28.611688930353182,1779779253.1896887,77.20800775008759,CAR101,
5771,120,28.609685993494036,1779787431.5914307,77.19806195058591,CAR101,
5773,99,28.612850185331926,1779775460.529251,77.20260168547298,CAR101,
5775,88,28.600173496629054,1779698682.6786706,77.19628916982496,CAR101,
5784,109,28.617163640463378,1779778141.1538565,77.2094117965769,CAR101,
5785,90,28.61544788712637,1779703269.8263078,77.1911634999075,CAR101,
5790,112,28.607520768309822,1779774039.5391774,77.20270060346908,CAR101,
5791,82,28.613010666026614,1779711975.005808,77.19328405195819,CAR101,
5795,95,28.60004117736459,1779775144.1635017,77.20873497513787,CAR101,
5796,87,28.60960391544704,1779778800.2307765,77.20877540129334,CAR101,
5797,101,28.608946676758283,1779787789.8520374,77.19844376986839,CAR101,
5798,109,28.61565691440961,1779781779.93117,77.19958784635892,CAR101,
5799,95,28.604813825579022,1779706994.2927797,77.1999414688101,CAR101,
5801,98,28.60609380910478,1779781822.464839,77.20422463480433,CAR101,
5808,106,28.606163882637208,1779697707.0874865,77.19142022001478,CAR101,
5811,88,28.616196519354123,1779693082.388953,77.19110542200083,CAR101,
5812,115,28.609628975726853,1779710611.825846,77.19576542175318,CAR101,
5817,84,28.606610094604537,1779697682.183188,77.20278579406659,CAR101,
5818,115,28.618148221143347,1779697650.3009782,77.20951959753297,CAR101,
5819,91,28.61901049751478,1779775790.425587,77.20580670808087,CAR101,
5822,88,28.615112777751317,1779767356.6020389,77.1951546266913,CAR101,
5824,98,28.615457541826174,1779706431.6086535,77.20491338443414,CAR101,
5825,98,28.61964998004588,1779767577.7919858,77.19229441453645,CAR101,
5832,99,28.602842031736074,1779773375.8988688,77.20322270143231,CAR101,
5833,87,28.619635380947543,1779712597.0665834,77.20959151267304,CAR101,
5836,91,28.61539858009867,1779778016.6530643,77.19555330378238,CAR101,
5838,106,28.612354441596253,1779700664.6211083,77.20540946958867,CAR101,
5840,119,28.616150392762844,1779710555.1732912,77.1937602311629,CAR101,
5841,105,28.610454864990817,1779785486.0455017,77.19497267499017,CAR101,
5842,101,28.607623341163563,1779700935.911514,77.19881947980564,CAR101,
5843,82,28.609165536393,1779698154.6836224,77.20900330986876,CAR101,
5846,111,28.619784729259056,1779700721.5638685,77.2013103051169,CAR101,
5848,112,28.618258542304837,1779698906.3201096,77.19857299336334,CAR101,
5850,103,28.614226927800406,1779785713.2224271,77.20266433198361,CAR101,
5851,98,28.602023110095885,1779707883.7536643,77.19868406744399,CAR101,
5853,87,28.61432489600855,1779705974.2109215,77.19659005023432,CAR101,
5855,109,28.617477526884915,1779702496.4065692,77.1918782411839,CAR101,
5856,96,28.61489186093395,1779700103.3942761,77.19951318078533,CAR101,
5871,88,28.612980379656868,1779784629.020709,77.20910217979691,CAR101,
5873,91,28.617519920167155,1779708593.210363,77.20729612167924,CAR101,
5875,120,28.61794993818939,1779702360.6690893,77.20118514317315,CAR101,
5878,89,28.618945219523226,1779771108.389388,77.2083330687312,CAR101,
5882,83,28.61835362277821,1779784893.0207396,77.20953073929863,CAR101,
5886,95,28.618289513408982,1779698536.977248,77.1959744090379,CAR101,
5890,93,28.615657711330854,1779698507.8142123,77.20595336872275,CAR101,
5891,110,28.606621577465965,1779698948.7926173,77.19465165269702,CAR101,
5892,84,28.602595901623562,1779784572.3629248,77.19806240961468,CAR101,
5894,108,28.613732287694454,1779707929.7237396,77.1918249546858,CAR101,
5899,99,28.605681232528028,1779699928.3491356,77.20392701366967,CAR101,
5901,103,28.612085563168858,1779707303.9451003,77.19266862971566,CAR101,
5906,100,28.61766942779356,1779776176.6052608,77.20245646703219,CAR101,
5908,113,28.616591723374814,1779787077.3430738,77.19320196902362,CAR101,
5911,102,28.600693233177655,1779784465.8854852,77.2048767380528,CAR101,
5912,89,28.605370833318755,1779706435.1637783,77.19437713305467,CAR101,
5913,105,28.617739461406067,1779776058.3484719,77.20707755790653,CAR101,
5916,101,28.602525742648915,1779697911.8650205,77.19285949087285,CAR101,
5918,85,28.600200871276723,1779786609.2271173,77.1980420112703,CAR101,
5920,99,28.609657156197205,1779701147.3029394,77.19161693682638,CAR101,
5925,89,28.601906039719065,1779785699.0993514,77.1979181596618,CAR101,
5931,96,28.604496188215087,1779701458.1924996,77.19694185318144,CAR101,
5932,88,28.605343467035308,1779707705.1053896,77.1960627408807,CAR101,
5934,88,28.60790376830342,1779709207.2694569,77.1961659334422,CAR101,
5939,110,28.60071414852076,1779771571.0397916,77.20872075770346,CAR101,
5940,119,28.615248040175523,1779785532.177314,77.19462073392114,CAR101,
5943,105,28.60840912574431,1779785900.8784528,77.19518901831113,CAR101,
5945,85,28.60765677536424,1779771693.8714468,77.19118118209197,CAR101,
5951,102,28.61049871994164,1779770479.058894,77.19245307379875,CAR101,
5952,89,28.600206747192974,1779699126.2229714,77.19358000708809,CAR101,
5961,98,28.612963052611935,1779700907.5569308,77.20882521932369,CAR101,
5962,94,28.61563745752137,1779710775.7642832,77.1972079520755,CAR101,
5964,98,28.603598757495377,1779775711.5402412,77.20732306797414,CAR101,
5965,99,28.603858634334756,1779696995.2351184,77.20557950574805,CAR101,
5966,112,28.618774592296184,1779710037.8135178,77.19192229063417,CAR101,
5969,94,28.61672908985078,1779774244.7296093,77.19684013820729,CAR101,
5971,86,28.609387821594122,1779778853.441498,77.2096497213075,CAR101,
5973,106,28.600986652674308,1779693139.1399002,77.1920619837129,CAR101,
5977,107,28.609962764568323,1779770263.0047712,77.2043938633521,CAR101,
5979,111,28.61650576890978,1779786988.3774056,77.19207546675486,CAR101,
5980,119,28.612708015691098,1779776364.3622296,77.19065594605175,CAR101,
5981,97,28.601307621184127,1779699560.566298,77.19273075104215,CAR101,
5983,111,28.603688290147357,1779702549.9458578,77.20588486167561,CAR101,
5991,95,28.604485928443125,1779786396.8543093,77.19554381060003,CAR101,
5994,83,28.606847784090192,1779773142.0465071,77.19211339153324,CAR101,
5998,102,28.616742869493585,1779771535.368441,77.19285862177315,CAR101,
5999,97,28.609570230315434,1779712699.774843,77.19241611678707,CAR101,
6001,89,28.609295046231924,1779710413.7993352,77.19523397595388,CAR101,
6004,95,28.602968844319737,1779775650.7975006,77.2060919157573,CAR101,
6009,91,28.619406511767785,1779698650.8420284,77.20204515247862,CAR101,
6012,118,28.602385678743584,1779706926.5321758,77.19575986870447,CAR101,
6013,95,28.610379247908917,1779708796.2710483,77.19243660551264,CAR101,
6019,86,28.614790099079972,1779775489.3795793,77.19269929345559,CAR101,
6020,84,28.61629980698264,1779712915.7955704,77.19783372111304,CAR101,
6021,109,28.605953499409257,1779777932.3859892,77.19183228189071,CAR101,
6022,97,28.60211441137234,1779774147.676502,77.19614758377736,CAR101,
6023,105,28.609917574826444,1779693865.7750475,77.20503059905111,CAR101,
6026,104,28.6035565798626,1779775557.6231735,77.19384189275765,CAR101,
6027,118,28.60213029151351,1779707015.5653577,77.20556926829843,CAR101,
6028,96,28.607940412838417,1779702002.637079,77.1901302066153,CAR101,
6030,108,28.618413126419703,1779767942.1999085,77.20694397823667,CAR101,
6034,94,28.619323595051025,1779707396.119149,77.19106851755778,CAR101,
6035,112,28.61717670156969,1779701004.8907852,77.19937349040637,CAR101,
6036,109,28.604231130985,1779700968.8510242,77.19736017327794,CAR101,
6037,82,28.618789333590847,1779708267.1142333,77.19072671874308,CAR101,
6039,116,28.61154474927345,1779782057.040171,77.19530689291264,CAR101,
6040,103,28.615610251972193,1779711476.9402988,77.19751932201476,CAR101,
6041,93,28.605473769105345,1779785992.7973237,77.19544559206929,CAR101,
6042,94,28.60835058760091,1779699914.1030264,77.1903326577587,CAR101,
6044,109,28.601987711641726,1779697827.6755307,77.20391845100991,CAR101,
6047,86,28.600038475566787,1779770340.786952,77.19412963372548,CAR101,
6053,103,28.61624833653895,1779712717.6681938,77.20945867782315,CAR101,
6054,90,28.610013581886673,1779706730.3288867,77.20330969164733,CAR101,
6057,119,28.60092331493966,1779698268.6773746,77.19596033410541,CAR101,
6060,98,28.614852681470115,1779693689.5677884,77.20009122954292,CAR101,
6067,113,28.61716279951026,1779707353.5937731,77.19228702027407,CAR101,
6071,113,28.61418416163653,1779698696.8018093,77.19897142202933,CAR101,
6072,109,28.617356261850112,1779774436.295092,77.19933368581034,CAR101,
6074,85,28.600139557268548,1779698236.619121,77.19152501384413,CAR101,
6076,113,28.60466664708156,1779771204.3663278,77.19808782121629,CAR101,
6078,112,28.61471785745138,1779707922.6868808,77.20175095942855,CAR101,
6079,118,28.602237257815904,1779788148.6350422,77.19042020977177,CAR101,
6080,91,28.610590760908487,1779698959.4677036,77.20071822937489,CAR101,
6083,81,28.602627565375553,1779706606.227132,77.20083427561576,CAR101,
6084,88,28.616701054847482,1779778269.360756,77.20761348394956,CAR101,
6088,120,28.61730375556191,1779787112.698524,77.19179843566857,CAR101,
6093,82,28.616168577000707,1779774230.5721803,77.203951746032,CAR101,
6094,99,28.609787420805837,1779778590.3864772,77.19278615758913,CAR101,
6097,102,28.60714499453758,1779698415.754996,77.19449629246196,CAR101,
6098,120,28.604302648774322,1779711382.4789522,77.19102269537849,CAR101,
6101,104,28.61805413824013,1779787882.0927703,77.20293687249668,CAR101,
6102,95,28.607678527630288,1779706392.5158517,77.19879058950976,CAR101,
6105,94,28.61307153357929,1779774321.7702408,77.19619026024644,CAR101,
6109,95,28.6166453493594,1779786155.6027598,77.191651616773,CAR101,
6120,87,28.600997086031473,1779778351.3055983,77.20632783662961,CAR101,
6121,100,28.606443234116785,1779771920.9570563,77.19305640468166,CAR101,
6122,81,28.60911596176382,1779781815.39248,77.20861240366085,CAR101,
6127,120,28.604673551006478,1779707232.3107197,77.19206426489701,CAR101,
6128,94,28.60002185812348,1779770507.5865924,77.19877820040747,CAR101,
6130,120,28.611498617195554,1779711473.3132942,77.19107428377592,CAR101,
6131,119,28.613095735645715,1779709249.8904576,77.19504657278117,CAR101,
6133,103,28.616173578439458,1779767203.8752313,77.2096430671985,CAR101,
6134,92,28.601314470662608,1779786896.351201,77.20822973394026,CAR101,
6137,95,28.609001188586813,1779778961.6358461,77.1987141637572,CAR101,
6143,81,28.607468725403194,1779693653.5795465,77.19569804266717,CAR101,
6145,81,28.608832708669645,1779771037.2441978,77.20159012587158,CAR101,
6146,103,28.606812323362558,1779693663.012713,77.20933419562519,CAR101,
6149,105,28.61241599582358,1779708948.5053525,77.20343529939403,CAR101,
6152,88,28.619208834567743,1779711423.181103,77.19733672335528,CAR101,
6155,89,28.610933371192107,1779784936.6508994,77.20531767106387,CAR101,
6157,116,28.619220366810616,1779708632.1740332,77.19653002826392,CAR101,
6161,117,28.61700654223309,1779776590.6944363,77.2016489547264,CAR101,
6164,95,28.615635841685734,1779699179.4570072,77.20997223771988,CAR101,
6165,83,28.6129085907146,1779772129.3721745,77.2096851462615,CAR101,
6166,118,28.614032828230776,1779773636.1815534,77.20588805183627,CAR101,
6167,107,28.616540659494692,1779778372.5195959,77.19778810518805,CAR101,
6170,99,28.615940353378466,1779712674.5837262,77.19319463248195,CAR101,
6172,90,28.6025513454344,1779699571.275108,77.20367500403158,CAR101,
6173,119,28.61711397896338,1779787116.2164402,77.19868133174202,CAR101,
6174,87,28.60429796501594,1779777041.743985,77.20548557028678,CAR101,
6178,92,28.615843827463355,1779771395.376687,77.20635002766414,CAR101,
6179,101,28.60167203018045,1779700359.4726033,77.20705737690582,CAR101,
6184,94,28.611688260883128,1779777648.2558885,77.19633690389551,CAR101,
6185,94,28.60456442940422,1779698511.3869724,77.20314134718471,CAR101,
6186,115,28.610696294010985,1779787446.0530002,77.19969104502007,CAR101,
6191,88,28.604333346110074,1779712043.6206374,77.2037678310788,CAR101,
6194,119,28.61494520679333,1779787651.7471952,77.19549145860533,CAR101,
6195,94,28.614960665267834,1779709371.4453719,77.19352917372362,CAR101,
6196,102,28.603176362865014,1779773913.35206,77.20007087624342,CAR101,
6199,95,28.610137499379945,1779707239.431376,77.19481899740451,CAR101,
6203,102,28.615531825013754,1779776576.50052,77.20941506980272,CAR101,
6204,116,28.609468110811278,1779767484.4342027,77.20583553591342,CAR101,
6206,94,28.608760259812374,1779778757.609902,77.19072428553503,CAR101,
6208,85,28.602586836866074,1779777644.7366662,77.20539066593041,CAR101,
6210,105,28.618084218150052,1779787761.5280054,77.20433096152173,CAR101,
6213,105,28.611734049273675,1779708898.8835254,77.20471930211836,CAR101,
6216,90,28.603315127035895,1779693831.594597,77.19504929641678,CAR101,
6217,107,28.600034609334884,1779771631.9838994,77.19335080753001,CAR101,
6218,102,28.6190615156408,1779710708.3909945,77.19176389496084,CAR101,
6222,97,28.61571067275389,1779770372.8184013,77.19861905755995,CAR101,
6224,85,28.603451295702843,1779774101.2373655,77.19565002073388,CAR101,
6229,118,28.602702296790707,1779774890.141358,77.1979419633154,CAR101,
6232,86,28.618337466314863,1779703374.0623713,77.20771112319602,CAR101,
6235,95,28.61720399980273,1779706062.7702038,77.20802819608095,CAR101,
6236,84,28.60599839879946,1779773766.5334888,77.19957846539394,CAR101,
6240,119,28.60081256117937,1779775312.494754,77.20750485601043,CAR101,
6243,83,28.61769805056933,1779774227.0444636,77.20134610186861,CAR101,
6253,102,28.601307512925768,1779707282.0553637,77.2060347981025,CAR101,
6256,107,28.604249223639496,1779706829.9053607,77.20630098009022,CAR101,
6259,98,28.60759145257908,1779711731.6692023,77.20350440047079,CAR101,
6263,82,28.61948774045784,1779692885.3789418,77.20111845301895,CAR101,
6269,115,28.61538177919262,1779701924.1128285,77.1952268940485,CAR101,
6287,82,28.60029963271604,1779707182.7464182,77.20554525107207,CAR101,
6289,85,28.615090769592875,1779702224.8252542,77.19340725154152,CAR101,
6300,106,28.61536900514719,1779708646.3079913,77.19648355468411,CAR101,
6301,94,28.61528471510789,1779775822.891686,77.19275033431268,CAR101,
6302,120,28.611476831595706,1779785234.2239237,77.19359882626378,CAR101,
6312,112,28.607097544914854,1779787463.7382083,77.20730554406715,CAR101,
6315,117,28.602726552137042,1779693716.1151,77.19894334545012,CAR101,
6318,114,28.615184035130802,1779784993.364697,77.1910470330446,CAR101,
6319,85,28.608257448951953,1779702100.3304472,77.20160046382101,CAR101,
6320,116,28.609812654599924,1779697382.807374,77.19979534249923,CAR101,
6322,90,28.613370431062325,1779770301.827661,77.19933186112819,CAR101,
6337,97,28.60204978367335,1779700138.814907,77.1943034890973,CAR101,
6338,84,28.61230955751915,1779767705.1835048,77.20246828278714,CAR101,
6340,103,28.61093572261865,1779775229.6111567,77.19086412829996,CAR101,
6341,83,28.61308991112124,1779701186.3594875,77.19638760607945,CAR101,
6345,96,28.603037301283738,1779787428.062304,77.20214842493185,CAR101,
6347,120,28.608056830077796,1779767427.576446,77.20214025340182,CAR101,
6349,85,28.6005982312934,1779710875.1707492,77.20302976649434,CAR101,
6352,96,28.60563106910349,1779777013.3681657,77.20048085298018,CAR101,
6353,120,28.608055426759528,1779705977.7358313,77.20456182042653,CAR101,
6354,112,28.617427758687906,1779789890.7723992,77.19526524299937,CAR101,
6355,112,28.61588020532478,1779774712.4514065,77.19226274295616,CAR101,
6364,86,28.61733907336807,1779775097.2035732,77.19555159023628,CAR101,
6367,99,28.601068692511284,1779778287.5600643,77.2054416928647,CAR101,
6369,114,28.60463406625454,1779787119.7678704,77.19786487704503,CAR101,
6374,112,28.612351584578423,1779698774.6076221,77.19697565990417,CAR101,
6375,103,28.602112633289323,1779771635.6049953,77.20849218153211,CAR101,
6378,117,28.607979441870327,1779708849.3297718,77.19152212960196,CAR101,
6379,100,28.605143923492893,1779771935.3275523,77.2010192461018,CAR101,
6381,114,28.61018951132216,1779787658.8160517,77.20326549368102,CAR101,
6382,117,28.60478186777672,1779781547.218966,77.20055245544008,CAR101,
6387,101,28.608195238723447,1779785634.9458668,77.19865032673891,CAR101,
6390,81,28.60208714462408,1779708458.4854786,77.20076412789948,CAR101,
6394,97,28.603444916556725,1779787644.6487947,77.20472495918811,CAR101,
6395,88,28.619038970464707,1779787871.432602,77.20656408933455,CAR101,
6397,99,28.614579721368337,1779779260.2800996,77.19704189122203,CAR101,
6398,98,28.60673580940698,1779700007.5972805,77.20107083269536,CAR101,
6399,106,28.6076739561812,1779698019.1162908,77.19170628054556,CAR101,
6402,91,28.61477161822695,1779712563.6907132,77.20939950030508,CAR101,
6403,82,28.618712938781943,1779702192.4647706,77.20540516842753,CAR101,
6404,93,28.60205600532913,1779787070.2774959,77.19746256036831,CAR101,
6408,103,28.614842309390713,1779775201.2665112,77.19196175034502,CAR101,
6411,119,28.61837290727736,1779787750.8884938,77.19303876523294,CAR101,
6413,94,28.619870309972878,1779709054.9626935,77.19306052885699,CAR101,
6414,113,28.610438356750514,1779767807.6859298,77.20582867398846,CAR101,
6415,119,28.61772236015036,1779696962.6549277,77.1912599256304,CAR101,
6416,91,28.61739326651182,1779786970.6751173,77.19402897224602,CAR101,
6418,95,28.61418240370206,1779707594.8577514,77.19931687640306,CAR101,
6421,105,28.60791532991939,1779772136.5406272,77.19008768772377,CAR101,
6424,98,28.60231819293574,1779699781.2429245,77.1960162284408,CAR101,
6425,104,28.61585291878315,1779708164.041565,77.20878571800091,CAR101,
6434,112,28.600242790689684,1779777197.754758,77.19980740624878,CAR101,
6436,114,28.618153436131337,1779767666.2307088,77.19004106058789,CAR101,
6438,93,28.615513511658122,1779707530.753205,77.19373238306417,CAR101,
6439,108,28.600035530520206,1779776097.8249621,77.19632600307908,CAR101,
6440,93,28.60741876377363,1779777312.3231049,77.19257831038831,CAR101,
6441,84,28.607103294204098,1779702107.402502,77.19202507583756,CAR101,
6452,98,28.610011941788795,1779711158.225173,77.19426863544965,CAR101,
6454,120,28.600749114105316,1779708430.1152434,77.206137531296,CAR101,
6455,106,28.60995402389413,1779785741.5457394,77.19010176185934,CAR101,
6456,91,28.60090453139206,1779709325.45729,77.19396765603368,CAR101,
6457,117,28.60485695770538,1779700035.9389253,77.19823840329097,CAR101,
6460,111,28.610709718601814,1779779032.3793144,77.19163431335224,CAR101,
6462,93,28.613125992567632,1779706151.3665042,77.19119162724257,CAR101,
6468,108,28.611571521180114,1779709090.3188658,77.20981566899795,CAR101,
6469,90,28.611230549674005,1779776689.9489722,77.20388635199966,CAR101,
6470,86,28.619797557839327,1779778704.0276709,77.20723999413009,CAR101,
6472,86,28.61177983784634,1779778030.8721676,77.19697265930728,CAR101,
6475,115,28.600468390790834,1779788300.9117095,77.1905649748229,CAR101,
6476,90,28.60325140354193,1779712094.610411,77.19201245774914,CAR101,
6478,119,28.604479501340922,1779776984.4854925,77.20008551193543,CAR101,
6479,90,28.603650728770024,1779706378.2990296,77.19489781384465,CAR101,
6480,111,28.60392009917371,1779700593.5082018,77.20952455664515,CAR101,
6483,114,28.604251549293448,1779693161.0328941,77.20803066882658,CAR101,
6486,84,28.60022517486164,1779707274.88847,77.20138889550068,CAR101,
6489,90,28.60367208737558,1779703295.1876395,77.19793248881595,CAR101,
6491,114,28.61959250759603,1779786013.9804697,77.20320895410525,CAR101,
6492,111,28.61658510562728,1779772035.8822951,77.19361914466893,CAR101,
6498,104,28.610760105102592,1779777680.717394,77.20692055076829,CAR101,
6500,107,28.619377220761525,1779709189.5965579,77.19329513684323,CAR101,
6505,84,28.616879975769397,1779708210.4833443,77.19539465332257,CAR101,
6506,119,28.61304508363511,1779699979.188977,77.20543942476401,CAR101,
6508,84,28.615268685436035,1779712004.0885017,77.2094669676382,CAR101,
6509,103,28.618747855628357,1779770597.0477173,77.20755636453997,CAR101,
6511,108,28.616359034521444,1779703181.1327498,77.20487291894702,CAR101,
6512,91,28.61743005038687,1779698693.2651553,77.20708928662106,CAR101,
6513,89,28.607326223213303,1779767509.2341268,77.19384501384941,CAR101,
6514,103,28.60206275216995,1779697632.6182585,77.19716995478316,CAR101,
6516,110,28.608488523982817,1779699129.7768397,77.19363448431659,CAR101,
6518,92,28.610395498245843,1779787158.670131,77.20305781567356,CAR101,
6521,104,28.61053584127844,1779778643.7749553,77.2088699733102,CAR101,
6524,83,28.610780149608853,1779775503.520326,77.19492172420613,CAR101,
6529,111,28.619503896238516,1779709449.4833705,77.19095366859992,CAR101,
6531,100,28.601170900248636,1779699842.65403,77.19760395786135,CAR101,
6533,96,28.602624381251136,1779767420.4554527,77.20372608469482,CAR101,
6534,82,28.61649682891663,1779713295.228352,77.20249551685144,CAR101,
6540,82,28.61955143102679,1779699144.0408306,77.20335450984399,CAR101,
6543,115,28.61914413444672,1779772180.5682347,77.20135412371896,CAR101,
6548,102,28.613967936678126,1779709136.374356,77.20459977937544,CAR101,
6550,82,28.60610524018979,1779692895.9636657,77.19581704773529,CAR101,
6551,109,28.617572959943733,1779770308.9478834,77.2090697356972,CAR101,
6554,84,28.61214371661221,1779775765.655471,77.2038776844925,CAR101,
6556,92,28.60476907952358,1779706495.3590884,77.19686154666925,CAR101,
6557,98,28.613516302654368,1779777843.2086968,77.1912143213607,CAR101,
6559,97,28.609558173415937,1779713005.6416948,77.19312280260762,CAR101,
6562,90,28.618539968978368,1779711804.1016214,77.19147942140997,CAR101,
6565,119,28.608463283973744,1779702178.3009012,77.1981965541699,CAR101,
6567,82,28.607298546564685,1779771340.0867414,77.20774370653616,CAR101,
6570,111,28.60889825949703,1779785762.7722533,77.19048682897102,CAR101,
6571,91,28.615714945505438,1779787102.1190515,77.20010899866377,CAR101,
6573,108,28.60744729875705,1779767491.4963834,77.19222267145697,CAR101,
6575,96,28.61966100235176,1779777165.863284,77.20803682674513,CAR101,
6576,93,28.605940944431442,1779770622.265794,77.19972121923811,CAR101,
6577,114,28.612476412945046,1779778069.8540738,77.20694174399733,CAR101,
6578,90,28.613571050740877,1779770969.6403823,77.20674037986825,CAR101,
6580,109,28.602243613471646,1779709956.4051363,77.20123638183354,CAR101,
6582,105,28.60852305836032,1779774104.7619562,77.20524379837208,CAR101,
6585,111,28.619251127038684,1779778216.3094592,77.19316486536017,CAR101,
6586,90,28.60198195230034,1779696766.8898335,77.19068416606838,CAR101,
6590,113,28.619661630633082,1779777954.7550697,77.19035697710218,CAR101,
6591,95,28.619631971879734,1779775704.443813,77.20620016600853,CAR101,
6592,84,28.614166910831045,1779709150.6757624,77.2075208896098,CAR101,
6596,87,28.600904529942284,1779771819.922861,77.19958752557744,CAR101,
6597,86,28.616741911028353,1779771528.0872452,77.20267650278323,CAR101,
6603,116,28.61478719275369,1779787938.7245655,77.19223478694086,CAR101,
6604,86,28.616099558017513,1779782487.4088545,77.20306355369975,CAR101,
6605,99,28.618510475658876,1779699965.0316856,77.20188376569415,CAR101,
6608,83,28.60578820236163,1779776173.0021186,77.20988499450552,CAR101,
6609,107,28.615249324085095,1779775294.3873107,77.20425574014035,CAR101,
6610,96,28.61596622024201,1779771190.2226887,77.20051980765618,CAR101,
6613,99,28.602749829506525,1779786464.071983,77.20351037250292,CAR101,
6614,91,28.615287491328125,1779711441.1003497,77.20000025111337,CAR101,
6615,87,28.61835376370901,1779788212.4239435,77.20660799356578,CAR101,
6616,102,28.619657388855284,1779698101.4934819,77.2042607578286,CAR101,
6618,105,28.60440963526717,1779773571.8923736,77.20064567930882,CAR101,
6626,88,28.612569514643624,1779709100.955957,77.20616452708703,CAR101,
6628,92,28.614030306084317,1779786740.5482724,77.19409269778556,CAR101,
6629,115,28.60563580306824,1779713042.4739916,77.20321429603823,CAR101,
6631,81,28.619027249525494,1779698311.2036464,77.20910061058134,CAR101,
6633,108,28.607652437868204,1779788240.78889,77.20724996740474,CAR101,
6634,91,28.611700491021246,1779711749.7126374,77.1999782310691,CAR101,
6638,119,28.60441370240454,1779701472.3856661,77.19102272874024,CAR101,
6639,119,28.60925270079114,1779693103.632354,77.1966406429889,CAR101,
6641,102,28.61718332714812,1779779375.3499494,77.19069018410222,CAR101,
6643,100,28.615802519440457,1779773311.3007922,77.20583297396296,CAR101,
6646,118,28.605130877313794,1779706424.5424912,77.19245136261121,CAR101,
6648,110,28.60339086014231,1779711498.5433884,77.19301107221477,CAR101,
6653,107,28.616952690174262,1779702403.167974,77.19709865469152,CAR101,
6654,116,28.60606593688244,1779710921.1639836,77.19958598629195,CAR101,
6656,102,28.61067828276297,1779708171.1241822,77.20094041811257,CAR101,
6658,90,28.60078434266342,1779773831.6145537,77.19343562942262,CAR101,
6660,89,28.60336638431183,1779710758.0779207,77.19450108810798,CAR101,
6661,116,28.61292629733396,1779707577.1056197,77.19989075465985,CAR101,
6665,98,28.609323867767092,1779778173.6660843,77.2064450610363,CAR101,
6666,81,28.61025358053709,1779776422.286959,77.1991965637208,CAR101,
6667,119,28.61879492568488,1779700025.2682667,77.19971108943807,CAR101,
6668,90,28.60204071634339,1779701301.5056822,77.20072008313251,CAR101,
6671,90,28.619545819492618,1779711960.6713197,77.20195077617413,CAR101,
6672,87,28.60837499416432,1779709157.7563608,77.20455495480714,CAR101,
6675,89,28.60822500301887,1779708107.0004258,77.19201888859679,CAR101,
6684,111,28.615001682542587,1779707335.8916276,77.20342689638731,CAR101,
6688,113,28.61634900355703,1779779071.329856,77.2068619867348,CAR101,
6694,107,28.61736646459628,1779699474.209666,77.19303990710802,CAR101,
6695,84,28.60992701616553,1779776959.6373522,77.20132363335279,CAR101,
6696,103,28.618149409874736,1779771297.044747,77.19100561843732,CAR101,
6697,83,28.616645024967294,1779697160.7375362,77.19056710881159,CAR101,
6699,104,28.611124778499583,1779700000.488965,77.20155701935266,CAR101,
6704,86,28.606842742052187,1779701731.1808693,77.20387503206001,CAR101,
6705,81,28.60729768967145,1779709512.1154034,77.19248012590052,CAR101,
6711,85,28.61114145794481,1779789848.248459,77.20744754929275,CAR101,
6712,81,28.60122274784536,1779773493.3779647,77.19463934812998,CAR101,
6717,117,28.602962461087767,1779708082.174275,77.20598926633575,CAR101,
6723,115,28.615147675314496,1779706232.8682876,77.20055665459732,CAR101,
6725,107,28.61177322999954,1779706584.4996748,77.1900610990376,CAR101,
6726,103,28.609421399197437,1779697435.9020882,77.19674496401925,CAR101,
6729,103,28.618861173811307,1779770376.4074874,77.20444385351028,CAR101,
6730,103,28.602829498742896,1779702038.0898333,77.20695837670654,CAR101,
6731,98,28.609823760751357,1779787342.8675587,77.19534838890804,CAR101,
6732,110,28.606100599113542,1779707072.7036178,77.2011868973904,CAR101,
6734,81,28.61200806168904,1779777473.0224886,77.20475428745488,CAR101,
6736,83,28.618756661347685,1779771044.3233154,77.19133849727228,CAR101,
6740,114,28.61337759249668,1779773784.492323,77.20656927472612,CAR101,
6741,82,28.60883956232908,1779709196.6575534,77.19066720149908,CAR101,
6742,86,28.619468656422306,1779774418.4231646,77.20279064212286,CAR101,
6743,107,28.612479388210016,1779709442.4196718,77.20418248737239,CAR101,
6746,114,28.60741736535408,1779774540.1353388,77.19575704652404,CAR101,
6748,105,28.60993714635846,1779702624.4222167,77.20714624367254,CAR101,
6752,101,28.60775559813871,1779711942.7652416,77.19618049834557,CAR101,
6754,119,28.619495119337877,1779771459.785211,77.19739359406957,CAR101,
6757,102,28.613070887967233,1779697275.4650474,77.19441567449627,CAR101,
6758,111,28.60141570810761,1779786385.7588096,77.19430379703341,CAR101,
6762,83,28.603971518316207,1779702317.8045812,77.20786068124997,CAR101,
6766,99,28.618375747819016,1779789834.068347,77.19432583348252,CAR101,
6767,110,28.6160302762008,1779707161.361937,77.20343401297615,CAR101,
6769,106,28.61741442987134,1779786768.864774,77.19008914983922,CAR101,
6772,82,28.603737614610978,1779778533.386633,77.20208186032171,CAR101,
6773,112,28.618656627804715,1779701970.785133,77.20016981832092,CAR101,
6780,111,28.60624587034836,1779706523.7315676,77.20035246324343,CAR101,
6783,118,28.61008929529402,1779700536.143029,77.20174118457591,CAR101,
6785,103,28.605189226639464,1779711552.5093906,77.1977122441103,CAR101,
6788,88,28.607933010126008,1779779339.089013,77.19781392363093,CAR101,
6789,83,28.61585899658704,1779770990.9037573,77.2049389820191,CAR101,
6791,113,28.610839108366743,1779701568.0911422,77.19232412467743,CAR101,
6795,107,28.607505453788676,1779767242.849237,77.20232782093997,CAR101,
6796,107,28.61457192655344,1779708291.9474216,77.19928671681218,CAR101,
6797,93,28.605091598952512,1779713012.759961,77.19054918123504,CAR101,
6798,120,28.606562737245675,1779786995.8624763,77.19667209416089,CAR101,
6803,115,28.6069541238466,1779773679.2562816,77.20630769291677,CAR101,
6804,96,28.616690064165848,1779782372.9915738,77.2058357835204,CAR101,
6806,105,28.603346603542377,1779776194.4097285,77.20168313089839,CAR101,
6808,97,28.605069548371997,1779767885.4971228,77.19901332374667,CAR101,
6818,107,28.613470371177335,1779711297.430835,77.20564406505137,CAR101,
6820,87,28.615672619548526,1779779346.2545316,77.19218543832403,CAR101,
6821,91,28.613679206889458,1779703170.480498,77.19795593440182,CAR101,
6827,120,28.607897453166206,1779712098.2925706,77.19467820935532,CAR101,
6828,105,28.603747469267,1779696923.7536983,77.20661293402945,CAR101,
6831,119,28.608907636051967,1779777373.0543563,77.20673143349696,CAR101,
6833,88,28.612784038317464,1779710871.6176586,77.20243955405557,CAR101,
6834,120,28.616097582208788,1779781602.740716,77.202357381244,CAR101,
6839,92,28.607034035265425,1779786641.091881,77.19727988177947,CAR101,
6840,107,28.617885411001815,1779775408.9749835,77.2016943870482,CAR101,
6843,112,28.603681288279095,1779707837.0822732,77.20029271025999,CAR101,
6847,100,28.609656186047744,1779776795.8270457,77.19841316428538,CAR101,
6850,81,28.619591570957724,1779708306.063996,77.19938242668375,CAR101,
6851,96,28.607407871511832,1779773895.533891,77.19316753440572,CAR101,
6857,120,28.619226666207343,1779692947.09866,77.2072046899903,CAR101,
6859,94,28.617545040249297,1779710654.2737932,77.2076346875482,CAR101,
6860,96,28.602834342065883,1779697742.5397136,77.19827018770911,CAR101,
6865,95,28.616910910805196,1779774755.129762,77.20803228893702,CAR101,
6866,104,28.60876813741195,1779706321.601081,77.19722365993805,CAR101,
6869,89,28.608741158054126,1779774683.3957136,77.19342464227569,CAR101,
6873,93,28.612874115962384,1779708472.7092927,77.20609756938086,CAR101,
6877,118,28.60005667504225,1779777101.952965,77.1986336995223,CAR101,
6878,86,28.617321309857356,1779693897.0378718,77.20894367809788,CAR101,
6881,90,28.608194410482238,1779767867.769743,77.2000449160097,CAR101,
6887,86,28.61204879044004,1779776295.9188237,77.1973223043925,CAR101,
6888,83,28.61850485917167,1779701856.2089832,77.19645608535413,CAR101,
6891,90,28.602280657949578,1779703327.1372917,77.19445591073206,CAR101,
6892,88,28.61742920713185,1779710374.90821,77.20855434571483,CAR101,
6896,108,28.61821732852502,1779701709.8857937,77.20422542614106,CAR101,
6898,119,28.608932548414614,1779710350.1790447,77.20700872942616,CAR101,
6905,90,28.601732659278778,1779711480.5228496,77.20661871740292,CAR101,
6906,115,28.601918166958008,1779712025.5917962,77.19931710749653,CAR101,
6914,85,28.605200991159723,1779786701.5915642,77.19082621454639,CAR101,
6915,102,28.615735453371922,1779774165.9026735,77.19366764940102,CAR101,
6926,107,28.6193221925184,1779707894.3585582,77.19512825403176,CAR101,
6928,93,28.608941480497524,1779700589.9407847,77.20099072972012,CAR101,
6935,97,28.617742377101674,1779697643.237424,77.20096525611137,CAR101,
6936,101,28.616858009274676,1779785106.5807455,77.19410600380264,CAR101,
6937,101,28.601678694640228,1779702528.5872471,77.20339469956082,CAR101,
6939,98,28.61864394774696,1779712930.1718917,77.20361271739631,CAR101,
6940,113,28.60056304566584,1779773758.89309,77.19387366901967,CAR101,
6942,106,28.617458822681165,1779696709.684713,77.20790873478579,CAR101,
6943,120,28.60401588790565,1779710304.120124,77.20280486408296,CAR101,
6944,86,28.618560119016912,1779706335.738289,77.19840461343348,CAR101,
6945,102,28.61729062434099,1779702816.966539,77.19184225301868,CAR101,
6947,109,28.603224114014125,1779777619.9772096,77.19256128931967,CAR101,
6950,93,28.61843181958298,1779706598.6679664,77.20297334606137,CAR101,
6952,84,28.60908328575961,1779696565.1987715,77.20474332880381,CAR101,
6955,102,28.608376236987205,1779698357.9009638,77.20291292898581,CAR101,
6960,103,28.60197314615767,1779775036.8635209,77.20136125496376,CAR101,
6963,91,28.612908493614004,1779779117.340543,77.20447055166758,CAR101,
6965,99,28.61802954911904,1779775575.819148,77.19342361209063,CAR101,
6968,115,28.606123796449054,1779773202.166044,77.19933774686434,CAR101,
6969,108,28.600916901808365,1779774158.7892804,77.20122315821162,CAR101,
6970,94,28.615580063466272,1779779256.71868,77.19990212891867,CAR101,
6971,82,28.618233858155858,1779697442.9743419,77.20752587101924,CAR101,
6979,97,28.61158590097253,1779711415.8064952,77.20142473317713,CAR101,
6980,120,28.618435392349948,1779773293.1024654,77.1916120507471,CAR101,
6985,82,28.61713022212908,1779703031.8300781,77.20240056450602,CAR101,
6987,109,28.60291638278849,1779774425.4901464,77.20072200708296,CAR101,
6989,94,28.60197248770212,1779702741.850155,77.20149461096503,CAR101,
6991,104,28.611276095852375,1779774036.0147195,77.19789357273032,CAR101,
6995,115,28.61583836305325,1779709318.3619845,77.20222014775563,CAR101,
6996,100,28.603306549030194,1779778127.0184867,77.20227842622663,CAR101,
7006,112,28.602681027779937,1779699388.6304016,77.20660170572354,CAR101,
7007,94,28.609918490299496,1779711814.8557365,77.20037132635467,CAR101,
7008,101,28.604734299673474,1779706719.6923466,77.20857235359226,CAR101,
7009,117,28.60100937735127,1779698090.3967464,77.19741152118273,CAR101,
7011,94,28.601132194933385,1779774086.819547,77.19020072381302,CAR101,
7013,110,28.613221876376663,1779706694.8803113,77.20336303675951,CAR101,
7021,84,28.60540748203022,1779700714.3010225,77.19539947062692,CAR101,
7022,99,28.606367172719427,1779774939.722435,77.19973617160197,CAR101,
7024,99,28.613969537648305,1779774858.278688,77.2024334942446,CAR101,
7025,101,28.619559289277866,1779703099.1361506,77.19355794261394,CAR101,
7028,81,28.610587915132758,1779777796.807154,77.19908831049906,CAR101,
7029,92,28.604493280515513,1779767395.6451063,77.20426397391515,CAR101,
7030,86,28.601246363616106,1779708199.884834,77.20877228439018,CAR101,
7031,99,28.605896850102475,1779699442.287272,77.19493280677024,CAR101,
7032,95,28.61276531447905,1779711407.5972726,77.19529780228379,CAR101,
7037,119,28.61671334891787,1779701097.1117973,77.19327411583834,CAR101,
7038,86,28.602392235535874,1779786811.3290207,77.19250267708729,CAR101,
7039,82,28.60114617473262,1779710155.0198684,77.19965389491936,CAR101,
7042,81,28.607849582915474,1779782223.5828881,77.19175312619383,CAR101,
7043,97,28.602518780552852,1779786584.440688,77.20228601432878,CAR101,
7044,111,28.612223183940447,1779774309.000996,77.19149976647043,CAR101,
7045,113,28.600823148353367,1779771207.929595,77.20929315875334,CAR101,
7046,81,28.61220977088157,1779770312.478795,77.20039720876201,CAR101,
7049,101,28.610623311144835,1779781914.5477931,77.19518220832515,CAR101,
7054,117,28.601120216533946,1779710183.3628933,77.19208689744184,CAR101,
7057,98,28.619990650806795,1779773952.895847,77.20019320821005,CAR101,
7059,103,28.618358298418283,1779707919.130264,77.20447822511973,CAR101,
7060,108,28.60195701753583,1779693117.8693244,77.19249572235749,CAR101,
7063,95,28.605197885535834,1779699165.2708547,77.20091449601438,CAR101,
7067,94,28.61206156349588,1779781960.773432,77.1984969053257,CAR101,
7068,108,28.610001407334327,1779706186.8097003,77.20343524258152,CAR101,
7070,114,28.61221524341791,1779784866.6219687,77.20440563253068,CAR101,
7073,98,28.618171159811002,1779708181.7301526,77.20839442660072,CAR101,
7075,115,28.614521659260387,1779771232.6530707,77.20483151839697,CAR101,
7078,92,28.61219550191896,1779708036.008305,77.2069502653426,CAR101,
7079,95,28.611155468067867,1779700972.388555,77.19121605562046,CAR101,
7081,83,28.603715428910558,1779767374.3764462,77.19762364339815,CAR101,
7084,87,28.6089398677502,1779707801.3449357,77.19278573116088,CAR101,
7088,108,28.617006136584376,1779777059.4644988,77.19027954657963,CAR101,
7090,85,28.61262772912307,1779693035.8724873,77.20171836373802,CAR101,
7092,100,28.602318105526496,1779785738.019764,77.20654141583185,CAR101,
7096,102,28.611589489387057,1779700650.183569,77.1923431237453,CAR101,
7097,109,28.612665605892044,1779711361.1225147,77.19642392037176,CAR101,
7101,101,28.609524406025525,1779708735.047039,77.1944251027038,CAR101,
7103,110,28.608237005559424,1779782163.325699,77.2086653750313,CAR101,
7104,112,28.601079314269413,1779709175.4224894,77.2070420981165,CAR101,
7107,94,28.60364023510742,1779698913.4121711,77.19985772522575,CAR101,
7110,120,28.603696970400687,1779771924.5745926,77.2035218775012,CAR101,
7120,86,28.608833234656334,1779776154.7034066,77.19789675093404,CAR101,
7122,119,28.6127354616144,1779693121.4472659,77.20790633596474,CAR101,
7123,83,28.605036057591537,1779693808.8538766,77.19350283962312,CAR101,
7124,92,28.612405873969134,1779770843.012775,77.19270864348154,CAR101,
7127,112,28.608164462695306,1779774932.637265,77.19230772451796,CAR101,
7131,92,28.619223040543897,1779781811.8386273,77.20537620508827,CAR101,
7132,108,28.602512657297524,1779784958.0192842,77.19675991863214,CAR101,
7133,115,28.607671781384887,1779699899.9178224,77.20854207534049,CAR101,
7138,82,28.60367883966436,1779774347.0805254,77.19503225719035,CAR101,
7139,103,28.60329148549038,1779697006.3233767,77.19323350967326,CAR101,
7143,117,28.611872697470666,1779782401.3326313,77.19684455408579,CAR101,
7147,86,28.60073254757039,1779706410.2627008,77.20227014129091,CAR101,
7148,99,28.601865319239252,1779707488.2446473,77.19975262782629,CAR101,
7152,87,28.60169010158724,1779787268.4854712,77.19560315869126,CAR101,
7154,119,28.61645429056714,1779700685.8802273,77.19019543935097,CAR101,
7161,109,28.615267438082157,1779774393.6603749,77.20491155179029,CAR101,
7165,98,28.616033124388938,1779710544.5781178,77.19297711871508,CAR101,
7168,116,28.618700384713755,1779712989.8706937,77.2001125635527,CAR101,
7171,100,28.61073703820927,1779781999.739,77.19451604963075,CAR101,
7173,108,28.605947196430154,1779776324.7305455,77.19978547644847,CAR101,
7177,91,28.615903978620405,1779701157.9285297,77.20464181474698,CAR101,
7178,110,28.605210592578494,1779784954.403392,77.19073014586313,CAR101,
7179,115,28.608169223620003,1779773650.8291295,77.20381915770616,CAR101,
7180,92,28.600378659866497,1779707132.9838195,77.19301632332278,CAR101,
7186,84,28.616255503956964,1779711237.223629,77.19229960302519,CAR101,
7188,90,28.601624660771254,1779711265.5564933,77.20425727868009,CAR101,
7190,109,28.619885441441582,1779699168.8151,77.20214432695413,CAR101,
7192,116,28.614639498273217,1779770330.1930175,77.20728470747005,CAR101,
7194,101,28.61418735214024,1779787595.0033915,77.20965041909727,CAR101,
7195,103,28.60040631320273,1779771606.9899464,77.19955492835925,CAR101,
7199,110,28.619603920243783,1779708969.768897,77.19964635684877,CAR101,
7202,94,28.60668724346774,1779775154.8003817,77.19528669169658,CAR101,
7203,112,28.61419046327694,1779697336.2722142,77.19725899516455,CAR101,
7205,89,28.613836132575134,1779699731.3742266,77.19925088474243,CAR101,
7208,93,28.613268005042517,1779699094.314543,77.20757101744829,CAR101,
7215,104,28.611155511729446,1779701610.5719764,77.20220466644652,CAR101,
7221,93,28.601584882285273,1779697785.1084614,77.20905720478231,CAR101,
7224,110,28.613355583808616,1779697660.915988,77.20408940776434,CAR101,
7225,120,28.60119561297875,1779775351.424799,77.19777036883855,CAR101,
7227,117,28.60962512106215,1779710751.0164702,77.20613378326114,CAR101,
7236,114,28.618298021463165,1779785592.421208,77.20580155663818,CAR101,
7238,103,28.604889646535526,1779779217.7559075,77.20789694734928,CAR101,
7239,89,28.604193079390424,1779787435.13297,77.19863909651836,CAR101,
7240,117,28.601381855691287,1779712886.9596596,77.20179807588423,CAR101,
7241,99,28.606706085284568,1779699267.8986557,77.19038483090462,CAR101,
7244,81,28.6053308139523,1779777839.2645671,77.2094372826739,CAR101,
7245,114,28.61261884089595,1779771928.1691377,77.19596266071359,CAR101,
7246,96,28.608124984297007,1779710389.0713449,77.1927559532847,CAR101,
7249,100,28.617721572211504,1779713280.8920028,77.20219708775085,CAR101,
7250,97,28.607554289313224,1779787204.7694004,77.19365323626963,CAR101,
7251,98,28.61770793991393,1779767747.5890896,77.19865326724235,CAR101,
7253,101,28.616099621397357,1779773357.574333,77.20512752315905,CAR101,
7256,107,28.60027200157169,1779712007.652603,77.20456855170781,CAR101,
7258,92,28.605910559371434,1779706980.134387,77.2016869648638,CAR101,
7263,99,28.6027215314213,1779776612.0252032,77.19907615955289,CAR101,
7264,97,28.607797180854266,1779700071.116167,77.20900599647565,CAR101,
7266,113,28.617846075043367,1779767931.50711,77.2029401138609,CAR101,
7267,95,28.612075422219238,1779709396.2152138,77.20883972535324,CAR101,
7269,86,28.601088382452705,1779787353.5113602,77.19536060040953,CAR101,
7271,110,28.617520920098507,1779770518.2714715,77.1974284323962,CAR101,
7273,101,28.60805980341067,1779777530.5904481,77.19864055762427,CAR101,
7277,84,28.611641258970764,1779706819.2807908,77.20788236785222,CAR101,
7279,112,28.601960666159798,1779693107.1800406,77.2064665353795,CAR101,
7281,103,28.615359849741242,1779697510.277535,77.194363795705,CAR101,
7284,106,28.61842198285267,1779710981.3132825,77.19327681212317,CAR101,
7285,94,28.617574201727543,1779788072.1326232,77.20363465493101,CAR101,
7286,82,28.60369808242883,1779775176.4900494,77.19039921624605,CAR101,
7291,89,28.6077501250535,1779773802.6916077,77.20844659188754,CAR101,
7292,93,28.605320196751492,1779767110.468038,77.19772193829992,CAR101,
7294,94,28.602500158452305,1779777497.776249,77.20309973111605,CAR101,
7297,109,28.608571657557476,1779787396.1426747,77.19305803269356,CAR101,
7298,92,28.60709921540547,1779773813.325902,77.19176923265343,CAR101,
7299,117,28.61074456575469,1779705910.2973628,77.20427727737948,CAR101,
7300,89,28.606794870083693,1779701767.207852,77.19774592990153,CAR101,
7301,101,28.610856527126032,1779776161.7806072,77.20197006670911,CAR101,
7302,88,28.60457027234637,1779707065.5920272,77.20671523486449,CAR101,
7305,105,28.604413713351285,1779774737.4603097,77.20641239893834,CAR101,
7306,98,28.61678877489431,1779707559.387889,77.19007820413951,CAR101,
7308,119,28.614653973488803,1779775236.7043715,77.19817609806594,CAR101,
7309,81,28.614071577023203,1779701684.9898665,77.19605942285372,CAR101,
7312,92,28.60912232782008,1779786389.3025138,77.19425049333637,CAR101,
7314,111,28.61013356866724,1779789880.1389945,77.1942426214691,CAR101,
7315,99,28.615646040925657,1779771321.9560153,77.20909333679208,CAR101,
7318,86,28.60019765473851,1779786598.576843,77.20374062843081,CAR101,
7319,87,28.607876358890785,1779778899.4772952,77.19362198108405,CAR101,
7320,89,28.609964197723038,1779784537.0621674,77.19083530017242,CAR101,
7321,96,28.61029647040545,1779697703.552191,77.19145567485272,CAR101,
7329,109,28.607727826452344,1779776144.0779152,77.19856165870621,CAR101,
7330,112,28.6150107285922,1779786963.5884776,77.19831480609467,CAR101,
7332,91,28.60097772879045,1779781818.9262707,77.19777060297292,CAR101,
7333,93,28.615226917696987,1779708756.2728353,77.19309746254643,CAR101,
7335,114,28.612584269726767,1779787945.8294742,77.19411843202172,CAR101,
7337,101,28.618035491740994,1779787364.1246235,77.20048782432654,CAR101,
7338,81,28.60315334265598,1779701390.297281,77.20055082545113,CAR101,
7342,114,28.60652677153256,1779781691.3190012,77.20336159824181,CAR101,
7347,106,28.602485287716195,1779699374.3749344,77.19494412600686,CAR101,
7355,120,28.605617605359082,1779773981.836655,77.19114129885325,CAR101,
7357,98,28.611397612212997,1779711684.9720688,77.20603659320362,CAR101,
7359,81,28.603213933232585,1779708142.3600895,77.19975265983456,CAR101,
7362,81,28.610155841169924,1779771402.5448384,77.19842963914262,CAR101,
7363,108,28.60729875831167,1779776033.0695574,77.19215758141306,CAR101,
7366,102,28.60655188601475,1779693927.3070076,77.20730104170649,CAR101,
7368,101,28.619685503936502,1779709445.9507236,77.20574522250025,CAR101,
7370,113,28.604544732156196,1779697214.314614,77.2002620812606,CAR101,
7376,108,28.619848932755087,1779774705.316891,77.20646984455372,CAR101,
7382,104,28.61958354122314,1779708792.6931596,77.20283470377736,CAR101,
7384,109,28.614674101306036,1779775464.0498369,77.20482517183976,CAR101,
7385,99,28.602838134107273,1779770941.2484765,77.20903951535584,CAR101,
7387,120,28.601076992045865,1779697851.6780214,77.19069085356982,CAR101,
7388,108,28.60065540374528,1779708674.7719665,77.1975374357902,CAR101,
7391,102,28.61949084970834,1779775514.6289573,77.20617557188761,CAR101,
7392,98,28.61744266743106,1779701344.1477814,77.20894801086497,CAR101,
7393,112,28.609798268265816,1779779074.8653388,77.20162796704011,CAR101,
7394,108,28.607522678823976,1779707855.2886615,77.20994531392996,CAR101,
7396,91,28.607633094508557,1779774328.8644433,77.19393208742365,CAR101,
7397,102,28.60035557599819,1779700345.2734358,77.20115690365681,CAR101,
7398,103,28.610440484984377,1779693858.1624966,77.20594811408182,CAR101,
7400,96,28.610818579291845,1779703045.9794793,77.19397439780862,CAR101,
7401,86,28.61164219201493,1779771040.7737741,77.20793705825355,CAR101,
7405,93,28.611043970830753,1779785503.778656,77.19785041485687,CAR101,
7407,108,28.6060514533954,1779702588.9622777,77.20067843082867,CAR101,
7408,92,28.617725800342964,1779786230.0409045,77.204838857034,CAR101,
7409,120,28.609420841817865,1779790032.7240398,77.19195365801606,CAR101,
7413,88,28.610511659308887,1779770647.1820986,77.20727790984706,CAR101,
7414,109,28.60581979810304,1779777137.3995323,77.2090817775467,CAR101,
7415,109,28.60849287594507,1779779153.0802863,77.20717241207574,CAR101,
7417,83,28.606700806532885,1779786513.6569436,77.19356968721932,CAR101,
7420,102,28.619799739808197,1779702867.1207721,77.19458128709533,CAR101,
7423,114,28.61743435622156,1779710318.2720547,77.20589048396826,CAR101,
7425,118,28.610646342248813,1779698026.194044,77.20385976306568,CAR101,
7426,82,28.615998575010078,1779775940.372457,77.19144525666967,CAR101,
7428,106,28.61045525660267,1779784692.701678,77.19182717877004,CAR101,
7430,103,28.61056833663043,1779702813.3614912,77.19252477902211,CAR101,
7432,84,28.607054547888765,1779707125.8535268,77.20122989719285,CAR101,
7437,105,28.619101871134884,1779692836.6045978,77.20967539771527,CAR101,
7440,117,28.60558924841679,1779702335.475232,77.20064980307512,CAR101,
7442,81,28.60761249140623,1779702507.040909,77.19266297196076,CAR101,
7443,94,28.616936087645232,1779770994.4180856,77.19123655015686,CAR101,
7446,97,28.60947053148414,1779693164.651266,77.19835165002006,CAR101,
7448,82,28.610792411463283,1779777634.1589818,77.2016657331261,CAR101,
7449,105,28.606538763809695,1779786517.1839237,77.19418776320772,CAR101,
7451,96,28.6164572889647,1779706353.4293318,77.20082025513706,CAR101,
7453,107,28.617245373141433,1779702649.7034082,77.19318136999816,CAR101,
7454,99,28.61112928085883,1779786194.5836704,77.203914585388,CAR101,
7455,118,28.61331466577861,1779773643.2616522,77.19796921693755,CAR101,
7463,105,28.618633960643454,1779776165.3358822,77.20139287262359,CAR101,
7464,102,28.605858162519347,1779787420.9992745,77.1930036806785,CAR101,
7467,119,28.607044486424154,1779712696.1636317,77.19759198562971,CAR101,
7470,113,28.60316694928709,1779702110.9643283,77.20605180314965,CAR101,
7472,88,28.606380312026996,1779703006.4406362,77.1932869117005,CAR101,
7474,97,28.603660593364918,1779696984.623775,77.1985275034567,CAR101,
7476,84,28.61617851096337,1779775590.0060976,77.1990800062082,CAR101,
7478,82,28.617885746408188,1779698043.880626,77.19677257864144,CAR101,
7480,85,28.606303529528546,1779707958.0252514,77.20124339156139,CAR101,
7482,112,28.61935503501561,1779776835.4179032,77.1906755318604,CAR101,
7483,101,28.609274529477823,1779699030.366166,77.20400962440017,CAR101,
7484,108,28.601678799071177,1779777832.1840155,77.19814672031436,CAR101,
7488,95,28.601935495542392,1779773664.9727144,77.19328371804787,CAR101,
7489,108,28.605476723921566,1779771272.1751728,77.20171085138442,CAR101,
7490,99,28.60291001923857,1779699477.7300715,77.19307183543916,CAR101,
7492,93,28.610001453303337,1779786414.579563,77.19063492259906,CAR101,
7493,81,28.610171707834887,1779711753.8224652,77.19768960345534,CAR101,
7494,99,28.615467513167147,1779693820.2181938,77.19796379680615,CAR101,
7498,98,28.60463820649532,1779699260.8061116,77.19159521798892,CAR101,
7502,95,28.606551138659057,1779712692.6113398,77.19792832055239,CAR101,
7503,99,28.605995374420793,1779702910.212069,77.20052910790761,CAR101,
7508,103,28.618641286408796,1779712570.8445811,77.20469695008553,CAR101,
7511,98,28.613790118990565,1779771484.7685933,77.20340177127966,CAR101,
7514,112,28.602443351419225,1779701383.234567,77.19751539061322,CAR101,
7518,99,28.615235635462565,1779779246.0975332,77.1947427089002,CAR101,
7524,114,28.606387446932043,1779707989.9206965,77.1948532803029,CAR101,
7525,107,28.600251740900845,1779775736.8415632,77.20596731195158,CAR101,
7528,99,28.601632193503676,1779710878.6903467,77.20677829652259,CAR101,
7529,107,28.60498057113222,1779693642.1549592,77.2059177454275,CAR101,
7530,87,28.60576065861543,1779699133.3365357,77.20216098158096,CAR101,
7531,108,28.615749394740522,1779699392.189682,77.19927123824647,CAR101,
7536,111,28.61829248179522,1779697070.479229,77.20199834369423,CAR101,
7537,120,28.61656661825358,1779696575.8793015,77.19565054049102,CAR101,
7539,94,28.619512108603836,1779709290.0306275,77.19086881825633,CAR101,
7542,101,28.618099708026833,1779712206.8223763,77.1912528740985,CAR101,
7543,91,28.603141016061937,1779776360.7713137,77.20620698756842,CAR101,
7546,92,28.618361845789444,1779770511.1674886,77.20309626146044,CAR101,
7547,112,28.60460472659524,1779778469.5819116,77.20839098449446,CAR101,
7548,108,28.607599898289763,1779771111.9404542,77.20906195101396,CAR101,
7549,101,28.606178341871075,1779710311.1878984,77.20316373356066,CAR101,
7551,84,28.60080968952106,1779782455.0028186,77.19070717093346,CAR101,
7552,118,28.60118043751497,1779696841.5287106,77.19546909844891,CAR101,
7553,115,28.606441265282374,1779775872.5515573,77.2039731343484,CAR101,
7556,111,28.617956366548984,1779708568.383434,77.19153571524711,CAR101,
7558,107,28.612872728754162,1779770691.170841,77.20702873399253,CAR101,
7559,107,28.61776457180406,1779777351.5865161,77.19290300811842,CAR101,
7561,107,28.60512993315135,1779784778.124754,77.20319858734645,CAR101,
7563,103,28.611232044007796,1779706130.093509,77.20792851831293,CAR101,
7565,106,28.603543551495733,1779710650.7518022,77.19176519530193,CAR101,
7572,120,28.618618503851344,1779712933.7606013,77.19059726166657,CAR101,
7575,96,28.615299520260855,1779710087.2869682,77.20675190356555,CAR101,
7578,84,28.603916320306375,1779786541.9688034,77.19879749157452,CAR101,
7582,112,28.614674490004834,1779701315.7515779,77.19386329278989,CAR101,
7585,108,28.619909817572744,1779702525.037721,77.19884941008301,CAR101,
7593,94,28.61818373599011,1779699151.0997458,77.20714019760183,CAR101,
7594,109,28.609760195746933,1779700128.167423,77.19285504414275,CAR101,
7595,100,28.618445829829795,1779708653.3859308,77.19152993998118,CAR101,
7597,91,28.61574274065827,1779712948.096549,77.20583435135941,CAR101,
7598,106,28.60241462929101,1779785925.6084454,77.1961727460418,CAR101,
7604,84,28.61514968927158,1779707847.7156084,77.20649430461773,CAR101,
7605,113,28.60692007240607,1779699968.5720077,77.19980033815362,CAR101,
7606,90,28.601711177486447,1779775954.5277944,77.20080847829472,CAR101,
7607,101,28.603720787931657,1779693738.8771489,77.20262031209876,CAR101,
7609,88,28.618649630217718,1779781847.3300328,77.19871153473804,CAR101,
7613,113,28.61037073925309,1779774284.1641939,77.20371312869776,CAR101,
7614,116,28.60065119173565,1779778650.8457477,77.20507275583844,CAR101,
7621,118,28.60469749044458,1779700206.2655442,77.1911091441871,CAR101,
7627,84,28.60733294110449,1779771563.9266112,77.20696353181577,CAR101,
7629,100,28.617829498855215,1779786116.7332995,77.19273076395378,CAR101,
7632,89,28.61326312089617,1779775975.7792146,77.20812331924706,CAR101,
7633,98,28.61517329220834,1779778433.596439,77.20086259819978,CAR101,
7638,82,28.60264218539214,1779713323.899625,77.20167635175139,CAR101,
7639,86,28.615486917153422,1779777119.7286196,77.20712652660565,CAR101,
7641,89,28.61089324643048,1779786878.6685212,77.20041034019297,CAR101,
7643,112,28.61390133282899,1779706016.7246342,77.20653584553406,CAR101,
7645,115,28.616702150756073,1779708121.1393728,77.19521298282426,CAR101,
7648,84,28.600296079522977,1779772064.656206,77.20152866251884,CAR101,
7649,96,28.604875916258266,1779787864.3760705,77.20787608564584,CAR101,
7657,99,28.616199710306677,1779775290.856035,77.2042784309057,CAR101,
7659,103,28.612792857551764,1779773187.219932,77.19637334560274,CAR101,
7663,99,28.601715961828692,1779785500.2261825,77.20424998285267,CAR101,
7665,115,28.612278191307563,1779785333.3853812,77.19643293906277,CAR101,
7670,120,28.61411346563907,1779711037.920651,77.19291362235694,CAR101,
7673,99,28.610262789155804,1779699264.3494027,77.20322329693909,CAR101,
7675,116,28.613042829823407,1779772089.7450242,77.20012793466545,CAR101,
7678,86,28.608642780819203,1779786265.3907242,77.20847728126832,CAR101,
7679,113,28.61283038420644,1779784917.7936928,77.20365965735417,CAR101,
7681,107,28.603717521145676,1779784472.9840062,77.1982904776164,CAR101,
7682,116,28.601159750313517,1779699292.7323165,77.20115226761533,CAR101,
7684,82,28.60685753288825,1779712567.2712884,77.19920388724375,CAR101,
7685,100,28.601573705357005,1779700327.0708938,77.20608862183695,CAR101,
7690,119,28.619009612044497,1779706631.0686529,77.19402296158204,CAR101,
7691,106,28.619944967716286,1779776310.0504618,77.20028735426168,CAR101,
7694,112,28.616408949802977,1779771477.5327072,77.20533754736272,CAR101,
7696,88,28.60032513930838,1779699742.0798094,77.19209728592831,CAR101,
7701,101,28.60870800900156,1779698055.053473,77.19325085459135,CAR101,
7703,120,28.607851387196682,1779711426.764528,77.20101953620646,CAR101,
7704,120,28.61959329176023,1779778761.1644053,77.20468113866163,CAR101,
7705,116,28.60222386009648,1779696666.7258203,77.20436555262249,CAR101,
7706,115,28.600744002258885,1779707612.6100338,77.2062298757308,CAR101,
7714,96,28.60439580607995,1779711577.5987,77.20271679147683,CAR101,
7715,82,28.602700374683067,1779702514.173395,77.20946262540859,CAR101,
7716,97,28.609458905310298,1779784671.4884841,77.20209976603954,CAR101,
7719,96,28.613309713220403,1779708252.9537733,77.19491452128642,CAR101,
7721,102,28.617584466875766,1779775851.265601,77.19180010888445,CAR101,
7726,104,28.612205109488883,1779778091.1275742,77.19965708647462,CAR101,
7727,106,28.606671906068865,1779709942.232174,77.20390343176433,CAR101,
7728,118,28.61666334268164,1779767839.4785495,77.20029356770699,CAR101,
7733,117,28.610487669209874,1779776988.033091,77.20570054558397,CAR101,
7736,107,28.610124847044975,1779785347.5225408,77.20129841219016,CAR101,
7737,116,28.601327136264192,1779775000.964134,77.19659212316944,CAR101,
7744,114,28.61031112278572,1779708845.7972388,77.19033071734341,CAR101,
7747,102,28.601815729462228,1779708955.58845,77.20767239967039,CAR101,
7752,106,28.613799096635695,1779708913.0305805,77.20445716429036,CAR101,
7753,114,28.60886496354522,1779777511.96256,77.19599394360446,CAR101,
7754,113,28.61605691212167,1779778505.0956209,77.20511771081541,CAR101,
7755,93,28.616726803882788,1779700868.6505783,77.20322282380315,CAR101,
7758,85,28.614130451484996,1779699428.0794413,77.19567990053217,CAR101,
7762,95,28.6099353099644,1779698497.2180696,77.20286887727544,CAR101,
7764,108,28.614795108171897,1779785932.6673162,77.20323973886936,CAR101,
7765,104,28.603465342562263,1779698126.3973846,77.19064853497795,CAR101,
7766,110,28.605401252505764,1779784732.1319108,77.1940191970569,CAR101,
7770,103,28.61690179501606,1779697696.457904,77.2087696658146,CAR101,
7771,103,28.60019562360532,1779706983.6858077,77.1907194922547,CAR101,
7775,112,28.61372904130555,1779700779.4981172,77.19033078412181,CAR101,
7777,117,28.613882609406446,1779774137.0458226,77.2058943878277,CAR101,
7779,81,28.607931829374312,1779707502.4482386,77.19365347609123,CAR101,
7782,106,28.6084923901742,1779779228.3470278,77.19818730830217,CAR101,
7784,85,28.605166652063946,1779708288.3969953,77.19436548644906,CAR101,
7785,99,28.61961458290434,1779770687.599039,77.19677682144125,CAR101,
7786,89,28.60843542854083,1779701436.8945482,77.19717949024597,CAR101,
7790,109,28.607692056883717,1779706477.5954967,77.19880538807267,CAR101,
7792,97,28.610849750842853,1779777886.3275,77.20442731715744,CAR101,
7794,82,28.603792988903038,1779773127.6454005,77.20128067569645,CAR101,
7796,120,28.60355256062156,1779776338.9236357,77.1968099429812,CAR101,
7797,97,28.60546379137023,1779787814.7010972,77.19910768384052,CAR101,
7800,111,28.61451727805076,1779767680.3725643,77.20149154102113,CAR101,
7815,93,28.609421923201467,1779697770.9479241,77.20047214650896,CAR101,
7818,108,28.60328527511413,1779702784.9579678,77.20466316272042,CAR101,
7821,113,28.60236833800783,1779711505.8169396,77.19080296934395,CAR101,
7823,100,28.615039066061456,1779706908.8041782,77.20299156007897,CAR101,
7825,120,28.610475663353007,1779785985.730457,77.19779308151018,CAR101,
7827,83,28.614439712487815,1779696877.556385,77.19102837466552,CAR101,
7832,107,28.611287951912434,1779711779.0149386,77.1926309920434,CAR101,
7833,81,28.6071346339907,1779773511.2156725,77.192945085121,CAR101,
7836,119,28.604150135180987,1779701938.3134181,77.20271031198445,CAR101,
7843,120,28.603531021780867,1779784813.5066664,77.19877263299857,CAR101,
7848,81,28.612275261935892,1779697224.9140615,77.20587233911886,CAR101,
7852,106,28.609536418729284,1779706222.2465062,77.1966538350984,CAR101,
7853,84,28.613602517733955,1779778415.8905597,77.20681601972923,CAR101,
7856,119,28.61801709120699,1779774017.7929533,77.19431720855658,CAR101,
7859,107,28.61781569759916,1779712495.3224485,77.19082768864006,CAR101,
7862,97,28.606561936085495,1779711728.1236842,77.2083883939885,CAR101,
7863,102,28.618477056041435,1779767416.9114144,77.20312133203745,CAR101,
7865,90,28.619392614212686,1779781663.063875,77.1923530450945,CAR101,
7867,100,28.616782480432573,1779778219.8605783,77.20922721688908,CAR101,
7874,108,28.604257222960918,1779786099.0106542,77.19254601820113,CAR101,
7875,88,28.605795505964362,1779702613.8201215,77.19372664161733,CAR101,
7876,102,28.614067700748336,1779773429.050401,77.20595973273952,CAR101,
7877,91,28.604951592149387,1779702023.935156,77.2074734353157,CAR101,
7878,102,28.61399218835413,1779700546.9028275,77.20917124953597,CAR101,
7879,93,28.61611511328029,1779776845.99444,77.20579508723858,CAR101,
7885,89,28.616970218690877,1779774287.6924574,77.19647759349004,CAR101,
7888,92,28.61527601009481,1779696614.8499944,77.19848575537826,CAR101,
7889,116,28.616366865668784,1779712600.653222,77.20218073893713,CAR101,
7890,120,28.603562589548787,1779781599.2152424,77.20903912665554,CAR101,
7893,94,28.609148083795322,1779697066.957937,77.2081895207722,CAR101,
7900,86,28.619547431553496,1779770779.85505,77.19589440214756,CAR101,
7902,84,28.60042955893115,1779711091.0382316,77.19992170312517,CAR101,
7905,104,28.61146242562536,1779772068.2404382,77.20297664961656,CAR101,
7907,86,28.601326298476106,1779693168.2110503,77.20668302375188,CAR101,
7913,108,28.607556738588077,1779777793.228935,77.20509760950866,CAR101,
7920,107,28.61371671704765,1779770486.223626,77.20919385393054,CAR101,
7925,99,28.619890131267212,1779786595.0513687,77.20258166576197,CAR101,
7926,120,28.61656877176208,1779709485.1285174,77.19747795530719,CAR101,
7930,99,28.60492483751542,1779784579.421856,77.1954469244482,CAR101,
7933,114,28.61536928989462,1779710201.0809686,77.19856983700029,CAR101,
7935,106,28.613781629378895,1779697446.5059478,77.19495039572605,CAR101,
7936,116,28.604302475298386,1779707887.2954705,77.20240857017416,CAR101,
7940,104,28.61397134182634,1779770579.1627176,77.20862025587435,CAR101,
7949,89,28.60910761704525,1779786056.4990866,77.20661298405358,CAR101,
7952,117,28.615787290224205,1779773992.505291,77.19712965942507,CAR101,
7953,104,28.605922988830823,1779786761.79185,77.19832555285288,CAR101,
7956,84,28.609288313064766,1779699438.724604,77.19502298895105,CAR101,
7960,101,28.607038216630254,1779709125.7343986,77.20059362095294,CAR101,
7961,81,28.610953968236636,1779778483.7853885,77.19352688082338,CAR101,
7962,89,28.607534692233653,1779773614.4324696,77.20727969684077,CAR101,
7966,95,28.614772579879954,1779787133.9370358,77.20269067060546,CAR101,
7968,109,28.60406178806323,1779701952.4973953,77.19642440872644,CAR101,
7974,85,28.603959665894806,1779712681.7556856,77.19499806757744,CAR101,
7975,110,28.61795805314027,1779703028.274946,77.1963063037547,CAR101,
7978,82,28.611856765286213,1779784653.8171535,77.19350566571539,CAR101,
7980,83,28.612876341399943,1779771463.3227725,77.19481249010771,CAR101,
7982,89,28.60808928288338,1779782340.995475,77.1958315678237,CAR101,
7983,94,28.61821525474127,1779712793.0604222,77.20941802707162,CAR101,
7985,104,28.617557432641107,1779693778.0809486,77.20710375637309,CAR101,
7986,87,28.608746789064067,1779707350.0591528,77.19593461769425,CAR101,
7988,115,28.609938701930453,1779696948.5174718,77.20209370531414,CAR101,
7989,116,28.614443937320807,1779770415.2184029,77.19041649422076,CAR101,
7993,115,28.61796572644229,1779697411.109225,77.20886337205044,CAR101,
7996,115,28.60308416790299,1779770489.767384,77.20600668711575,CAR101,
8002,100,28.61278799349652,1779706833.461397,77.20333070548892,CAR101,
8004,107,28.61279725778855,1779699910.5549784,77.20710147558249,CAR101,
8005,96,28.602492116018052,1779699906.9984322,77.1918251298379,CAR101,
8008,102,28.606628568222494,1779700586.3972123,77.19990606282869,CAR101,
8012,115,28.612690490858473,1779701745.8788397,77.20016796062747,CAR101,
8014,95,28.608518580075117,1779782095.9786284,77.19989926450978,CAR101,
8016,111,28.606728364857904,1779702164.1397371,77.2055919726506,CAR101,
8019,86,28.60440034891777,1779702475.098964,77.20816381643513,CAR101,
8021,87,28.607663341437704,1779778871.1314194,77.19031906883527,CAR101,
8022,105,28.60129554664137,1779710857.484648,77.20813740921639,CAR101,
8023,106,28.606485574683795,1779785251.9701457,77.20557698382794,CAR101,
8025,81,28.619253934982467,1779698119.225952,77.19161982362375,CAR101,
8027,103,28.60388894527591,1779778487.3079407,77.19050327918562,CAR101,
8028,91,28.61022528425096,1779709062.0488772,77.20458312844374,CAR101,
8029,112,28.607467536718968,1779708785.6257572,77.20697603577186,CAR101,
8032,95,28.61866230405864,1779702396.066724,77.19189879856026,CAR101,
8033,90,28.61496336557549,1779693180.7016904,77.20390738819954,CAR101,
8039,116,28.608606671148337,1779786991.9168856,77.19904958842561,CAR101,
8040,83,28.612426312972286,1779706677.0414298,77.20078178594446,CAR101,
8041,106,28.61639463070729,1779711126.4182143,77.19744777762894,CAR101,
8043,89,28.609247321751955,1779710080.2325594,77.19474603763096,CAR101,
8048,83,28.61656372626044,1779700893.4105961,77.19685925253494,CAR101,
8049,84,28.61816221802542,1779775614.9496958,77.20811523527853,CAR101,
8051,104,28.60201207370184,1779708543.6233728,77.19564742858586,CAR101,
8054,119,28.606861071110693,1779697774.4692392,77.19605916957049,CAR101,
8055,82,28.609524180230082,1779774133.5113008,77.1908981434745,CAR101,
8056,114,28.605267375346603,1779772187.6923745,77.20264300294795,CAR101,
8057,92,28.61216357210239,1779693657.4164238,77.20569160287435,CAR101,
8060,105,28.60619611372527,1779781577.9302192,77.20515111193367,CAR101,
8062,92,28.615280315684625,1779707758.6944695,77.19758300001423,CAR101,
8067,99,28.615643142241584,1779706897.997066,77.19721882904176,CAR101,
8069,106,28.609724193496277,1779778895.934188,77.20074508766278,CAR101,
8072,88,28.601402213546105,1779700671.6814528,77.19929093134347,CAR101,
8074,99,28.611288417238978,1779711469.772244,77.19049641425894,CAR101,
8076,93,28.60696784761652,1779702999.3531878,77.20575837608655,CAR101,
8078,103,28.604732464244634,1779767434.6947677,77.19358713205965,CAR101,
8081,91,28.608754653913707,1779707246.5358229,77.1962555889554,CAR101,
8082,88,28.612930634498746,1779706059.2186415,77.19468240825984,CAR101,
8086,87,28.60050205391559,1779713410.463346,77.1944584630096,CAR101,
8088,106,28.612872907746887,1779710055.4707487,77.19011753342772,CAR101,
8090,85,28.607422797074385,1779708842.2718387,77.20058042613894,CAR101,
8091,112,28.61600214953262,1779788251.4238799,77.20264245159822,CAR101,
8092,93,28.603669132730698,1779770418.7979207,77.19381465164398,CAR101,
8093,105,28.612461771220524,1779710069.6137967,77.19074704447998,CAR101,
8094,82,28.61801638470583,1779700089.160276,77.20516227952616,CAR101,
8096,95,28.608198390612984,1779778629.4402792,77.20406051650902,CAR101,
8098,83,28.61102088095065,1779771193.7548678,77.19012716451365,CAR101,
8099,93,28.618767106428166,1779712818.0966866,77.19612925650694,CAR101,
